Image,Plot,Date_Index,Date,Variety,Cover,Mean_Green
101A_20210708,101A,20210708,07/08/2021,Oat,Fallow,117.75718589657035
101B_20210708,101B,20210708,07/08/2021,Oat,Post,116.85915015817291
101C_20210708,101C,20210708,07/08/2021,Oat,Under,117.63256806739709
102A_20210708,102A,20210708,07/08/2021,Oat,Fallow,119.02531188515104
102B_20210708,102B,20210708,07/08/2021,Oat,Post,116.39811832105242
102C_20210708,102C,20210708,07/08/2021,Oat,Under,113.40497328420972
103A_20210708,103A,20210708,07/08/2021,Oat,Fallow,110.61032982427375
103B_20210708,103B,20210708,07/08/2021,Oat,Post,118.4797949780101
103C_20210708,103C,20210708,07/08/2021,Oat,Under,117.69747743142625
104A_20210708,104A,20210708,07/08/2021,Oat,Fallow,117.691856385749
104B_20210708,104B,20210708,07/08/2021,Oat,Post,119.80729970390803
104C_20210708,104C,20210708,07/08/2021,Oat,Under,117.67573950657768
105A_20210708,105A,20210708,07/08/2021,Oat,Fallow,117.61313100381929
105B_20210708,105B,20210708,07/08/2021,Oat,Post,120.65327039369623
105C_20210708,105C,20210708,07/08/2021,Oat,Under,129.16331714632923
106A_20210708,106A,20210708,07/08/2021,Soy,Fallow,128.30913219493846
106B_20210708,106B,20210708,07/08/2021,Soy,Post,124.67107328517419
106C_20210708,106C,20210708,07/08/2021,Soy,Under,127.70016649145481
107A_20210708,107A,20210708,07/08/2021,Oat,Fallow,119.9440186046063
107B_20210708,107B,20210708,07/08/2021,Oat,Post,122.71968613768759
107C_20210708,107C,20210708,07/08/2021,Oat,Under,116.48103130666256
108A_20210708,108A,20210708,07/08/2021,Oat,Fallow,107.67779081150418
108B_20210708,108B,20210708,07/08/2021,Oat,Post,105.38898419717603
108C_20210708,108C,20210708,07/08/2021,Oat,Under,111.75110311137688
109A_20210708,109A,20210708,07/08/2021,Oat,Fallow,113.18895755372093
109B_20210708,109B,20210708,07/08/2021,Oat,Post,113.05000349619999
109C_20210708,109C,20210708,07/08/2021,Oat,Under,112.47936699490761
110A_20210708,110A,20210708,07/08/2021,Oat,Fallow,103.81640911326724
110B_20210708,110B,20210708,07/08/2021,Oat,Post,109.60367619401258
110C_20210708,110C,20210708,07/08/2021,Oat,Under,109.18252273735581
201A_20210708,201A,20210708,07/08/2021,Oat,Under,120.93643968693337
201B_20210708,201B,20210708,07/08/2021,Oat,Fallow,124.37248695555726
201C_20210708,201C,20210708,07/08/2021,Oat,Post,123.83044273947765
202A_20210708,202A,20210708,07/08/2021,Oat,Under,123.42173032965549
202B_20210708,202B,20210708,07/08/2021,Oat,Fallow,124.89696517784807
202C_20210708,202C,20210708,07/08/2021,Oat,Post,124.98417848944871
203A_20210708,203A,20210708,07/08/2021,Soy,Under,117.65888179468385
203B_20210708,203B,20210708,07/08/2021,Soy,Fallow,114.14878862698198
203C_20210708,203C,20210708,07/08/2021,Soy,Post,119.8078325730103
204A_20210708,204A,20210708,07/08/2021,Oat,Under,121.82311156976968
204B_20210708,204B,20210708,07/08/2021,Oat,Fallow,122.9341436480074
204C_20210708,204C,20210708,07/08/2021,Oat,Post,122.26968903109447
205A_20210708,205A,20210708,07/08/2021,Oat,Under,111.50508516260946
205B_20210708,205B,20210708,07/08/2021,Oat,Fallow,112.86235460630377
205C_20210708,205C,20210708,07/08/2021,Oat,Post,113.29927049978782
206A_20210708,206A,20210708,07/08/2021,Oat,Under,111.94862514949268
206B_20210708,206B,20210708,07/08/2021,Oat,Fallow,111.2816189093785
206C_20210708,206C,20210708,07/08/2021,Oat,Post,117.57626297210756
207A_20210708,207A,20210708,07/08/2021,Oat,Under,120.30232183847073
207B_20210708,207B,20210708,07/08/2021,Oat,Fallow,117.58825855483971
207C_20210708,207C,20210708,07/08/2021,Oat,Post,111.96008002681224
208A_20210708,208A,20210708,07/08/2021,Oat,Under,107.59655841306277
208B_20210708,208B,20210708,07/08/2021,Oat,Fallow,112.62362502893407
208C_20210708,208C,20210708,07/08/2021,Oat,Post,111.63875995814205
209A_20210708,209A,20210708,07/08/2021,Oat,Under,107.05592895239381
209B_20210708,209B,20210708,07/08/2021,Oat,Fallow,107.52689120307859
209C_20210708,209C,20210708,07/08/2021,Oat,Post,106.91602971528876
210A_20210708,210A,20210708,07/08/2021,Oat,Under,123.72519626943405
210B_20210708,210B,20210708,07/08/2021,Oat,Fallow,121.99836582790016
210C_20210708,210C,20210708,07/08/2021,Oat,Post,126.38339208556769
301A_20210708,301A,20210708,07/08/2021,Oat,Post,114.00035866189576
301B_20210708,301B,20210708,07/08/2021,Oat,Fallow,119.2534437569924
301C_20210708,301C,20210708,07/08/2021,Oat,Under,115.63025876702288
302A_20210708,302A,20210708,07/08/2021,Oat,Post,113.70128467265923
302B_20210708,302B,20210708,07/08/2021,Oat,Fallow,111.67825978453763
302C_20210708,302C,20210708,07/08/2021,Oat,Under,117.09905879885035
303A_20210708,303A,20210708,07/08/2021,Soy,Post,119.57700501041626
303B_20210708,303B,20210708,07/08/2021,Soy,Fallow,114.29510218548667
303C_20210708,303C,20210708,07/08/2021,Soy,Under,122.72862977894371
304A_20210708,304A,20210708,07/08/2021,Oat,Post,123.82347746518268
304B_20210708,304B,20210708,07/08/2021,Oat,Fallow,122.49193764225917
304C_20210708,304C,20210708,07/08/2021,Oat,Under,119.6007791703638
305A_20210708,305A,20210708,07/08/2021,Oat,Post,118.14158766058408
305B_20210708,305B,20210708,07/08/2021,Oat,Fallow,116.73956866536786
305C_20210708,305C,20210708,07/08/2021,Oat,Under,115.93312372207862
306A_20210708,306A,20210708,07/08/2021,Oat,Post,124.65237042359477
306B_20210708,306B,20210708,07/08/2021,Oat,Fallow,122.12145557655954
306C_20210708,306C,20210708,07/08/2021,Oat,Under,112.4769745090853
307A_20210708,307A,20210708,07/08/2021,Oat,Post,108.86348363778404
307B_20210708,307B,20210708,07/08/2021,Oat,Fallow,118.87981872805832
307C_20210708,307C,20210708,07/08/2021,Oat,Under,116.0377686046063
308A_20210708,308A,20210708,07/08/2021,Oat,Post,106.92973723043093
308B_20210708,308B,20210708,07/08/2021,Oat,Fallow,111.29495450117665
308C_20210708,308C,20210708,07/08/2021,Oat,Under,106.47097671771922
309A_20210708,309A,20210708,07/08/2021,Oat,Post,109.15651764013734
309B_20210708,309B,20210708,07/08/2021,Oat,Fallow,111.50546190829829
309C_20210708,309C,20210708,07/08/2021,Oat,Under,111.15442413969369
310A_20210708,310A,20210708,07/08/2021,Oat,Post,114.22601486246673
310B_20210708,310B,20210708,07/08/2021,Oat,Fallow,112.34748611164693
310C_20210708,310C,20210708,07/08/2021,Oat,Under,108.63994746055322
401A_20210708,401A,20210708,07/08/2021,Oat,Under,120.09845058061032
401B_20210708,401B,20210708,07/08/2021,Oat,Fallow,118.66945177172948
401C_20210708,401C,20210708,07/08/2021,Oat,Post,119.30524839898152
402A_20210708,402A,20210708,07/08/2021,Oat,Under,125.43680678793257
402B_20210708,402B,20210708,07/08/2021,Oat,Fallow,122.28852812391497
402C_20210708,402C,20210708,07/08/2021,Oat,Post,130.42467678233865
403A_20210708,403A,20210708,07/08/2021,Oat,Under,118.63654831025038
403B_20210708,403B,20210708,07/08/2021,Oat,Fallow,117.42974868349987
403C_20210708,403C,20210708,07/08/2021,Oat,Post,113.6069270572123
404A_20210708,404A,20210708,07/08/2021,Soy,Under,120.59671935882103
404B_20210708,404B,20210708,07/08/2021,Soy,Fallow,113.9870224673045
404C_20210708,404C,20210708,07/08/2021,Soy,Post,118.21278897901315
405A_20210708,405A,20210708,07/08/2021,Oat,Under,113.02801842617954
405B_20210708,405B,20210708,07/08/2021,Oat,Fallow,106.93543905038386
405C_20210708,405C,20210708,07/08/2021,Oat,Post,128.89676083098647
406A_20210708,406A,20210708,07/08/2021,Oat,Under,122.38402923787663
406B_20210708,406B,20210708,07/08/2021,Oat,Fallow,120.81766593688515
406C_20210708,406C,20210708,07/08/2021,Oat,Post,118.85572569055978
407A_20210708,407A,20210708,07/08/2021,Oat,Under,111.68930295416844
407B_20210708,407B,20210708,07/08/2021,Oat,Fallow,111.48001680587168
407C_20210708,407C,20210708,07/08/2021,Oat,Post,113.48496995679179
408A_20210708,408A,20210708,07/08/2021,Oat,Under,105.31519991030439
408B_20210708,408B,20210708,07/08/2021,Oat,Fallow,107.64805985012153
408C_20210708,408C,20210708,07/08/2021,Oat,Post,107.22631927298329
409A_20210708,409A,20210708,07/08/2021,Oat,Under,108.72795887022106
409B_20210708,409B,20210708,07/08/2021,Oat,Fallow,106.11149020099533
409C_20210708,409C,20210708,07/08/2021,Oat,Post,107.90786910227229
410A_20210708,410A,20210708,07/08/2021,Oat,Under,114.39725271015779
410B_20210708,410B,20210708,07/08/2021,Oat,Fallow,110.61940487442614
410C_20210708,410C,20210708,07/08/2021,Oat,Post,110.85053865591605
101A_20210821,101A,20210821,08/21/2021,Oat,Fallow,132.4891015007137
101B_20210821,101B,20210821,08/21/2021,Oat,Post,130.60637188476525
101C_20210821,101C,20210821,08/21/2021,Oat,Under,134.82395909687125
102A_20210821,102A,20210821,08/21/2021,Oat,Fallow,131.11315752671578
102B_20210821,102B,20210821,08/21/2021,Oat,Post,137.16599535608194
102C_20210821,102C,20210821,08/21/2021,Oat,Under,135.7793735050731
103A_20210821,103A,20210821,08/21/2021,Oat,Fallow,137.52605573183905
103B_20210821,103B,20210821,08/21/2021,Oat,Post,134.5765836580379
103C_20210821,103C,20210821,08/21/2021,Oat,Under,133.5315893725165
104A_20210821,104A,20210821,08/21/2021,Oat,Fallow,131.83224267968058
104B_20210821,104B,20210821,08/21/2021,Oat,Post,128.7807629431735
104C_20210821,104C,20210821,08/21/2021,Oat,Under,143.95815410285098
105A_20210821,105A,20210821,08/21/2021,Oat,Fallow,138.34319964989777
105B_20210821,105B,20210821,08/21/2021,Oat,Post,138.62495418772423
105C_20210821,105C,20210821,08/21/2021,Oat,Under,135.33457428339955
106A_20210821,106A,20210821,08/21/2021,Soy,Fallow,121.82603692469426
106B_20210821,106B,20210821,08/21/2021,Soy,Post,129.85358878901278
106C_20210821,106C,20210821,08/21/2021,Soy,Under,134.46758419814051
107A_20210821,107A,20210821,08/21/2021,Oat,Fallow,124.44664015180742
107B_20210821,107B,20210821,08/21/2021,Oat,Post,130.4339694408009
107C_20210821,107C,20210821,08/21/2021,Oat,Under,138.72081094961615
108A_20210821,108A,20210821,08/21/2021,Oat,Fallow,128.10898800682844
108B_20210821,108B,20210821,08/21/2021,Oat,Post,128.92651891805872
108C_20210821,108C,20210821,08/21/2021,Oat,Under,131.77057031460978
109A_20210821,109A,20210821,08/21/2021,Oat,Fallow,140.88409313394544
109B_20210821,109B,20210821,08/21/2021,Oat,Post,130.21284925832336
109C_20210821,109C,20210821,08/21/2021,Oat,Under,131.96426461652715
110A_20210821,110A,20210821,08/21/2021,Oat,Fallow,124.33581302322442
110B_20210821,110B,20210821,08/21/2021,Oat,Post,126.1664372034258
110C_20210821,110C,20210821,08/21/2021,Oat,Under,127.6144414760233
201A_20210821,201A,20210821,08/21/2021,Oat,Under,125.77062094923035
201B_20210821,201B,20210821,08/21/2021,Oat,Fallow,123.22591299043246
201C_20210821,201C,20210821,08/21/2021,Oat,Post,124.89980312777284
202A_20210821,202A,20210821,08/21/2021,Oat,Under,124.25390127695691
202B_20210821,202B,20210821,08/21/2021,Oat,Fallow,127.33041259982254
202C_20210821,202C,20210821,08/21/2021,Oat,Post,128.9934807926006
203A_20210821,203A,20210821,08/21/2021,Soy,Under,120.74809155703869
203B_20210821,203B,20210821,08/21/2021,Soy,Fallow,121.07457093186991
203C_20210821,203C,20210821,08/21/2021,Soy,Post,125.43490316731608
204A_20210821,204A,20210821,08/21/2021,Oat,Under,128.39676083098647
204B_20210821,204B,20210821,08/21/2021,Oat,Fallow,129.29719448034413
204C_20210821,204C,20210821,08/21/2021,Oat,Post,135.26256944176535
205A_20210821,205A,20210821,08/21/2021,Oat,Under,132.5636621851009
205B_20210821,205B,20210821,08/21/2021,Oat,Fallow,136.15293403514525
205C_20210821,205C,20210821,08/21/2021,Oat,Post,130.7163309912812
206A_20210821,206A,20210821,08/21/2021,Oat,Under,131.00858980170517
206B_20210821,206B,20210821,08/21/2021,Oat,Fallow,129.24044633212452
206C_20210821,206C,20210821,08/21/2021,Oat,Post,128.4365005690367
207A_20210821,207A,20210821,08/21/2021,Oat,Under,135.82521230373055
207B_20210821,207B,20210821,08/21/2021,Oat,Fallow,131.98823347864666
207C_20210821,207C,20210821,08/21/2021,Oat,Post,127.72724516318814
208A_20210821,208A,20210821,08/21/2021,Oat,Under,128.21869695420702
208B_20210821,208B,20210821,08/21/2021,Oat,Fallow,127.07507245573088
208C_20210821,208C,20210821,08/21/2021,Oat,Post,122.22931997704563
209A_20210821,209A,20210821,08/21/2021,Oat,Under,127.38065359650477
209B_20210821,209B,20210821,08/21/2021,Oat,Fallow,131.20279346379382
209C_20210821,209C,20210821,08/21/2021,Oat,Post,127.6897218953744
210A_20210821,210A,20210821,08/21/2021,Oat,Under,123.81488404671887
210B_20210821,210B,20210821,08/21/2021,Oat,Fallow,133.32373666621658
210C_20210821,210C,20210821,08/21/2021,Oat,Post,128.43470967073029
301A_20210821,301A,20210821,08/21/2021,Oat,Post,135.74472857432198
301B_20210821,301B,20210821,08/21/2021,Oat,Fallow,130.90692090872267
301C_20210821,301C,20210821,08/21/2021,Oat,Under,130.46669568110798
302A_20210821,302A,20210821,08/21/2021,Oat,Post,131.73182699355735
302B_20210821,302B,20210821,08/21/2021,Oat,Fallow,127.7816490490336
302C_20210821,302C,20210821,08/21/2021,Oat,Under,136.9117149222638
303A_20210821,303A,20210821,08/21/2021,Soy,Post,121.64092217699934
303B_20210821,303B,20210821,08/21/2021,Soy,Fallow,133.64701882643416
303C_20210821,303C,20210821,08/21/2021,Soy,Under,121.70686955075035
304A_20210821,304A,20210821,08/21/2021,Oat,Post,132.5209765971606
304B_20210821,304B,20210821,08/21/2021,Oat,Fallow,138.72292675340458
304C_20210821,304C,20210821,08/21/2021,Oat,Under,123.64920334863623
305A_20210821,305A,20210821,08/21/2021,Oat,Post,133.60313428301376
305B_20210821,305B,20210821,08/21/2021,Oat,Fallow,123.1869020292427
305C_20210821,305C,20210821,08/21/2021,Oat,Under,135.33069591258052
306A_20210821,306A,20210821,08/21/2021,Oat,Post,130.2942564667644
306B_20210821,306B,20210821,08/21/2021,Oat,Fallow,138.33440670691718
306C_20210821,306C,20210821,08/21/2021,Oat,Under,133.731305577524
307A_20210821,307A,20210821,08/21/2021,Oat,Post,130.89749804695035
307B_20210821,307B,20210821,08/21/2021,Oat,Fallow,140.7345449876548
307C_20210821,307C,20210821,08/21/2021,Oat,Under,130.92465568458007
308A_20210821,308A,20210821,08/21/2021,Oat,Post,125.90524393831257
308B_20210821,308B,20210821,08/21/2021,Oat,Fallow,133.6101429584121
308C_20210821,308C,20210821,08/21/2021,Oat,Under,132.47359404536863
309A_20210821,309A,20210821,08/21/2021,Oat,Post,125.50245216233941
309B_20210821,309B,20210821,08/21/2021,Oat,Fallow,129.21050499594924
309C_20210821,309C,20210821,08/21/2021,Oat,Under,131.67125653427723
310A_20210821,310A,20210821,08/21/2021,Oat,Post,122.51744844913391
310B_20210821,310B,20210821,08/21/2021,Oat,Fallow,127.14980252497975
310C_20210821,310C,20210821,08/21/2021,Oat,Under,126.53413858454535
401A_20210821,401A,20210821,08/21/2021,Oat,Under,125.13580325797616
401B_20210821,401B,20210821,08/21/2021,Oat,Fallow,123.87527969599938
401C_20210821,401C,20210821,08/21/2021,Oat,Post,121.6294691080591
402A_20210821,402A,20210821,08/21/2021,Oat,Under,135.19957937097334
402B_20210821,402B,20210821,08/21/2021,Oat,Fallow,128.46346832683923
402C_20210821,402C,20210821,08/21/2021,Oat,Post,118.38076933278037
403A_20210821,403A,20210821,08/21/2021,Oat,Under,131.61056250241117
403B_20210821,403B,20210821,08/21/2021,Oat,Fallow,120.16476565815363
403C_20210821,403C,20210821,08/21/2021,Oat,Post,120.97056199606497
404A_20210821,404A,20210821,08/21/2021,Soy,Under,125.09472170248061
404B_20210821,404B,20210821,08/21/2021,Soy,Fallow,122.66604779908182
404C_20210821,404C,20210821,08/21/2021,Soy,Post,120.85543213031904
405A_20210821,405A,20210821,08/21/2021,Oat,Under,135.96059722329386
405B_20210821,405B,20210821,08/21/2021,Oat,Fallow,128.32295665194243
405C_20210821,405C,20210821,08/21/2021,Oat,Post,126.31869369912427
406A_20210821,406A,20210821,08/21/2021,Oat,Under,125.43900517437599
406B_20210821,406B,20210821,08/21/2021,Oat,Fallow,121.62829607268237
406C_20210821,406C,20210821,08/21/2021,Oat,Post,128.87868849099186
407A_20210821,407A,20210821,08/21/2021,Oat,Under,128.06321792658463
407B_20210821,407B,20210821,08/21/2021,Oat,Fallow,130.9848879769299
407C_20210821,407C,20210821,08/21/2021,Oat,Post,130.68463070483392
408A_20210821,408A,20210821,08/21/2021,Oat,Under,127.98368540469117
408B_20210821,408B,20210821,08/21/2021,Oat,Fallow,130.99798968500443
408C_20210821,408C,20210821,08/21/2021,Oat,Post,126.58886677307974
409A_20210821,409A,20210821,08/21/2021,Oat,Under,130.8924484491339
409B_20210821,409B,20210821,08/21/2021,Oat,Fallow,133.43043405925698
409C_20210821,409C,20210821,08/21/2021,Oat,Post,124.34407791944756
410A_20210821,410A,20210821,08/21/2021,Oat,Under,130.41187526522896
410B_20210821,410B,20210821,08/21/2021,Oat,Fallow,134.75882911056672
410C_20210821,410C,20210821,08/21/2021,Oat,Post,126.81354825720459
101A_20210909,101A,20210909,09/09/2021,Oat,Fallow,108.09397303344778
101B_20210909,101B,20210909,09/09/2021,Oat,Post,110.8119623085529
101C_20210909,101C,20210909,09/09/2021,Oat,Under,112.06724337892057
102A_20210909,102A,20210909,09/09/2021,Oat,Fallow,113.27445411056672
102B_20210909,102B,20210909,09/09/2021,Oat,Post,110.30849323425022
102C_20210909,102C,20210909,09/09/2021,Oat,Under,116.2167854972802
103A_20210909,103A,20210909,09/09/2021,Oat,Fallow,103.7037784277227
103B_20210909,103B,20210909,09/09/2021,Oat,Post,117.87335437483122
103C_20210909,103C,20210909,09/09/2021,Oat,Under,126.7632065940743
104A_20210909,104A,20210909,09/09/2021,Oat,Fallow,114.26002565487443
104B_20210909,104B,20210909,09/09/2021,Oat,Post,114.73128749373095
104C_20210909,104C,20210909,09/09/2021,Oat,Under,114.9344287691447
105A_20210909,105A,20210909,09/09/2021,Oat,Fallow,117.72984018749277
105B_20210909,105B,20210909,09/09/2021,Oat,Post,116.08470388391652
105C_20210909,105C,20210909,09/09/2021,Oat,Under,111.73170462655762
106A_20210909,106A,20210909,09/09/2021,Soy,Fallow,91.04638613479418
106B_20210909,106B,20210909,09/09/2021,Soy,Post,107.88070603950464
106C_20210909,106C,20210909,09/09/2021,Soy,Under,112.50158293468616
107A_20210909,107A,20210909,09/09/2021,Oat,Fallow,98.41482473187763
107B_20210909,107B,20210909,09/09/2021,Oat,Post,113.039189387948
107C_20210909,107C,20210909,09/09/2021,Oat,Under,122.31586117433741
108A_20210909,108A,20210909,09/09/2021,Oat,Fallow,108.33341511226419
108B_20210909,108B,20210909,09/09/2021,Oat,Post,108.96413079645848
108C_20210909,108C,20210909,09/09/2021,Oat,Under,107.98771628216504
109A_20210909,109A,20210909,09/09/2021,Oat,Fallow,112.34278854500212
109B_20210909,109B,20210909,09/09/2021,Oat,Post,111.20767186836927
109C_20210909,109C,20210909,09/09/2021,Oat,Under,125.3833975107056
110A_20210909,110A,20210909,09/09/2021,Oat,Fallow,115.9099192016126
110B_20210909,110B,20210909,09/09/2021,Oat,Post,117.56708665271401
110C_20210909,110C,20210909,09/09/2021,Oat,Under,122.19147361212916
201A_20210909,201A,20210909,09/09/2021,Oat,Under,121.52519976563404
201B_20210909,201B,20210909,09/09/2021,Oat,Fallow,124.28333928089194
201C_20210909,201C,20210909,09/09/2021,Oat,Post,127.11633665753637
202A_20210909,202A,20210909,09/09/2021,Oat,Under,120.99209316287951
202B_20210909,202B,20210909,09/09/2021,Oat,Fallow,113.25626904826203
202C_20210909,202C,20210909,09/09/2021,Oat,Post,113.83411495505575
203A_20210909,203A,20210909,09/09/2021,Soy,Under,122.96252977797924
203B_20210909,203B,20210909,09/09/2021,Soy,Fallow,123.17733027757417
203C_20210909,203C,20210909,09/09/2021,Soy,Post,120.54779305389452
204A_20210909,204A,20210909,09/09/2021,Oat,Under,128.07068894429227
204B_20210909,204B,20210909,09/09/2021,Oat,Fallow,121.78819779329501
204C_20210909,204C,20210909,09/09/2021,Oat,Post,118.5827616845415
205A_20210909,205A,20210909,09/09/2021,Oat,Under,127.74071578064118
205B_20210909,205B,20210909,09/09/2021,Oat,Fallow,120.44821886694186
205C_20210909,205C,20210909,09/09/2021,Oat,Post,122.44412409339917
206A_20210909,206A,20210909,09/09/2021,Oat,Under,126.22191767775163
206B_20210909,206B,20210909,09/09/2021,Oat,Fallow,125.58766540642722
206C_20210909,206C,20210909,09/09/2021,Oat,Post,120.69794339049419
207A_20210909,207A,20210909,09/09/2021,Oat,Under,125.34805936788705
207B_20210909,207B,20210909,09/09/2021,Oat,Fallow,113.77762781624938
207C_20210909,207C,20210909,09/09/2021,Oat,Post,118.76936171444002
208A_20210909,208A,20210909,09/09/2021,Oat,Under,131.49668946028316
208B_20210909,208B,20210909,09/09/2021,Oat,Fallow,120.14168410748042
208C_20210909,208C,20210909,09/09/2021,Oat,Post,122.7354564108252
209A_20210909,209A,20210909,09/09/2021,Oat,Under,127.16966998283245
209B_20210909,209B,20210909,09/09/2021,Oat,Fallow,118.17596012885305
209C_20210909,209C,20210909,09/09/2021,Oat,Post,116.03488182844026
210A_20210909,210A,20210909,09/09/2021,Oat,Under,129.67152116044906
210B_20210909,210B,20210909,09/09/2021,Oat,Fallow,118.63982087400177
210C_20210909,210C,20210909,09/09/2021,Oat,Post,118.00357576868177
301A_20210909,301A,20210909,09/09/2021,Oat,Post,114.94947147100807
301B_20210909,301B,20210909,09/09/2021,Oat,Fallow,109.7877095308823
301C_20210909,301C,20210909,09/09/2021,Oat,Under,114.66744808745804
302A_20210909,302A,20210909,09/09/2021,Oat,Post,109.4251771006134
302B_20210909,302B,20210909,09/09/2021,Oat,Fallow,111.40944178947572
302C_20210909,302C,20210909,09/09/2021,Oat,Under,118.35161343601713
303A_20210909,303A,20210909,09/09/2021,Soy,Post,112.78453100285483
303B_20210909,303B,20210909,09/09/2021,Soy,Fallow,98.01331750800509
303C_20210909,303C,20210909,09/09/2021,Soy,Under,114.06074346090043
304A_20210909,304A,20210909,09/09/2021,Oat,Post,115.61902873153042
304B_20210909,304B,20210909,09/09/2021,Oat,Fallow,107.448827687975
304C_20210909,304C,20210909,09/09/2021,Oat,Under,114.10439291501099
305A_20210909,305A,20210909,09/09/2021,Oat,Post,119.37123013193936
305B_20210909,305B,20210909,09/09/2021,Oat,Fallow,119.80213376702288
305C_20210909,305C,20210909,09/09/2021,Oat,Under,119.72968948921724
306A_20210909,306A,20210909,09/09/2021,Oat,Post,117.73257325141778
306B_20210909,306B,20210909,09/09/2021,Oat,Fallow,108.53331094961614
306C_20210909,306C,20210909,09/09/2021,Oat,Under,120.44764440511554
307A_20210909,307A,20210909,09/09/2021,Oat,Post,115.0227397669843
307B_20210909,307B,20210909,09/09/2021,Oat,Fallow,109.91969288897033
307C_20210909,307C,20210909,09/09/2021,Oat,Under,118.10318371204815
308A_20210909,308A,20210909,09/09/2021,Oat,Post,121.61031897399792
308B_20210909,308B,20210909,09/09/2021,Oat,Fallow,112.35320541259982
308C_20210909,308C,20210909,09/09/2021,Oat,Under,118.10217222522279
309A_20210909,309A,20210909,09/09/2021,Oat,Post,120.38893356255545
309B_20210909,309B,20210909,09/09/2021,Oat,Fallow,117.86276510840631
309C_20210909,309C,20210909,09/09/2021,Oat,Under,127.38520649280507
310A_20210909,310A,20210909,09/09/2021,Oat,Post,117.40005569808264
310B_20210909,310B,20210909,09/09/2021,Oat,Fallow,116.66190902164269
310C_20210909,310C,20210909,09/09/2021,Oat,Under,120.52499421318622
401A_20210909,401A,20210909,09/09/2021,Oat,Under,121.562984042861
401B_20210909,401B,20210909,09/09/2021,Oat,Fallow,118.22291710871494
401C_20210909,401C,20210909,09/09/2021,Oat,Post,119.90814940106478
402A_20210909,402A,20210909,09/09/2021,Oat,Under,128.08027456020216
402B_20210909,402B,20210909,09/09/2021,Oat,Fallow,117.67987527005131
402C_20210909,402C,20210909,09/09/2021,Oat,Post,123.01326627059142
403A_20210909,403A,20210909,09/09/2021,Oat,Under,133.09296395779484
403B_20210909,403B,20210909,09/09/2021,Oat,Fallow,117.49439764090891
403C_20210909,403C,20210909,09/09/2021,Oat,Post,116.46810862813935
404A_20210909,404A,20210909,09/09/2021,Soy,Under,118.20934944157247
404B_20210909,404B,20210909,09/09/2021,Soy,Fallow,112.16721239535512
404C_20210909,404C,20210909,09/09/2021,Soy,Post,123.41337380888083
405A_20210909,405A,20210909,09/09/2021,Oat,Under,125.36189346958065
405B_20210909,405B,20210909,09/09/2021,Oat,Fallow,106.71833045600093
405C_20210909,405C,20210909,09/09/2021,Oat,Post,119.42761539871147
406A_20210909,406A,20210909,09/09/2021,Oat,Under,137.7712550875738
406B_20210909,406B,20210909,09/09/2021,Oat,Fallow,111.25779110084487
406C_20210909,406C,20210909,09/09/2021,Oat,Post,126.36032198796343
407A_20210909,407A,20210909,09/09/2021,Oat,Under,130.58818200011572
407B_20210909,407B,20210909,09/09/2021,Oat,Fallow,116.03412893985572
407C_20210909,407C,20210909,09/09/2021,Oat,Post,117.2267213359824
408A_20210909,408A,20210909,09/09/2021,Oat,Under,134.71222777863508
408B_20210909,408B,20210909,09/09/2021,Oat,Fallow,118.96780060086417
408C_20210909,408C,20210909,09/09/2021,Oat,Post,121.27062155202346
409A_20210909,409A,20210909,09/09/2021,Oat,Under,131.0619876258632
409B_20210909,409B,20210909,09/09/2021,Oat,Fallow,118.31487922437405
409C_20210909,409C,20210909,09/09/2021,Oat,Post,122.98267813741754
410A_20210909,410A,20210909,09/09/2021,Oat,Under,131.1044562082867
410B_20210909,410B,20210909,09/09/2021,Oat,Fallow,114.89661555784885
410C_20210909,410C,20210909,09/09/2021,Oat,Post,117.29267775162995
101A_20210929,101A,20210929,09/29/2021,Oat,Fallow,134.08750868022068
101B_20210929,101B,20210929,09/29/2021,Oat,Post,134.98045925600863
101C_20210929,101C,20210929,09/29/2021,Oat,Under,143.07130620442885
102A_20210929,102A,20210929,09/29/2021,Oat,Fallow,131.36844402222135
102B_20210929,102B,20210929,09/29/2021,Oat,Post,131.61531673160758
102C_20210929,102C,20210929,09/29/2021,Oat,Under,147.69949256876663
103A_20210929,103A,20210929,09/29/2021,Oat,Fallow,130.4049973959338
103B_20210929,103B,20210929,09/29/2021,Oat,Post,134.6510159474943
103C_20210929,103C,20210929,09/29/2021,Oat,Under,140.60918933972454
104A_20210929,104A,20210929,09/29/2021,Oat,Fallow,128.90433613190078
104B_20210929,104B,20210929,09/29/2021,Oat,Post,135.51574435303422
104C_20210929,104C,20210929,09/29/2021,Oat,Under,141.06478458585704
105A_20210929,105A,20210929,09/29/2021,Oat,Fallow,129.09240697696848
105B_20210929,105B,20210929,09/29/2021,Oat,Post,139.55829551811271
105C_20210929,105C,20210929,09/29/2021,Oat,Under,143.15734648065276
106A_20210929,106A,20210929,09/29/2021,Soy,Fallow,128.18820707630877
106B_20210929,106B,20210929,09/29/2021,Soy,Post,136.1775936981598
106C_20210929,106C,20210929,09/29/2021,Soy,Under,138.67326262972108
107A_20210929,107A,20210929,09/29/2021,Oat,Fallow,135.87942691254196
107B_20210929,107B,20210929,09/29/2021,Oat,Post,137.28065986555302
107C_20210929,107C,20210929,09/29/2021,Oat,Under,131.08856356814937
108A_20210929,108A,20210929,09/29/2021,Oat,Fallow,123.65188638073377
108B_20210929,108B,20210929,09/29/2021,Oat,Post,134.21324227942594
108C_20210929,108C,20210929,09/29/2021,Oat,Under,140.61804437039467
109A_20210929,109A,20210929,09/29/2021,Oat,Fallow,127.1913138719571
109B_20210929,109B,20210929,09/29/2021,Oat,Post,139.31472671771922
109C_20210929,109C,20210929,09/29/2021,Oat,Under,142.07238279290922
110A_20210929,110A,20210929,09/29/2021,Oat,Fallow,125.5835043256433
110B_20210929,110B,20210929,09/29/2021,Oat,Post,136.23452388989622
110C_20210929,110C,20210929,09/29/2021,Oat,Under,139.15437712183171
201A_20210929,201A,20210929,09/29/2021,Oat,Under,141.21528574804213
201B_20210929,201B,20210929,09/29/2021,Oat,Fallow,128.85041327495082
201C_20210929,201C,20210929,09/29/2021,Oat,Post,131.5064040739169
202A_20210929,202A,20210929,09/29/2021,Oat,Under,136.53747986671038
202B_20210929,202B,20210929,09/29/2021,Oat,Fallow,135.51986323830099
202C_20210929,202C,20210929,09/29/2021,Oat,Post,131.61997692508004
203A_20210929,203A,20210929,09/29/2021,Soy,Under,144.53052122313954
203B_20210929,203B,20210929,09/29/2021,Soy,Fallow,132.38195020446742
203C_20210929,203C,20210929,09/29/2021,Soy,Post,130.06095504127927
204A_20210929,204A,20210929,09/29/2021,Oat,Under,140.09822453319703
204B_20210929,204B,20210929,09/29/2021,Oat,Fallow,124.30113976119749
204C_20210929,204C,20210929,09/29/2021,Oat,Post,127.3271575170711
205A_20210929,205A,20210929,09/29/2021,Oat,Under,136.25096205779099
205B_20210929,205B,20210929,09/29/2021,Oat,Fallow,126.60660938524748
205C_20210929,205C,20210929,09/29/2021,Oat,Post,122.24765573762586
206A_20210929,206A,20210929,09/29/2021,Oat,Under,128.82143761332512
206B_20210929,206B,20210929,09/29/2021,Oat,Fallow,130.13335893194707
206C_20210929,206C,20210929,09/29/2021,Oat,Post,136.0637580292041
207A_20210929,207A,20210929,09/29/2021,Oat,Under,128.76669797172178
207B_20210929,207B,20210929,09/29/2021,Oat,Fallow,122.96041638536322
207C_20210929,207C,20210929,09/29/2021,Oat,Post,120.77213275433047
208A_20210929,208A,20210929,09/29/2021,Oat,Under,122.95842837371244
208B_20210929,208B,20210929,09/29/2021,Oat,Fallow,131.1261917219629
208C_20210929,208C,20210929,09/29/2021,Oat,Post,117.63896430500367
209A_20210929,209A,20210929,09/29/2021,Oat,Under,125.16867959376567
209B_20210929,209B,20210929,09/29/2021,Oat,Fallow,110.45883405347016
209C_20210929,209C,20210929,09/29/2021,Oat,Post,118.00186685023726
210A_20210929,210A,20210929,09/29/2021,Oat,Under,139.3412809594537
210B_20210929,210B,20210929,09/29/2021,Oat,Fallow,128.00988761525403
210C_20210929,210C,20210929,09/29/2021,Oat,Post,127.54161864414954
301A_20210929,301A,20210929,09/29/2021,Oat,Post,133.55144417171405
301B_20210929,301B,20210929,09/29/2021,Oat,Fallow,121.72901255256356
301C_20210929,301C,20210929,09/29/2021,Oat,Under,129.54720231665445
302A_20210929,302A,20210929,09/29/2021,Oat,Post,132.12478178889702
302B_20210929,302B,20210929,09/29/2021,Oat,Fallow,127.98982364685004
302C_20210929,302C,20210929,09/29/2021,Oat,Under,145.36336609312912
303A_20210929,303A,20210929,09/29/2021,Soy,Post,136.5613058668647
303B_20210929,303B,20210929,09/29/2021,Soy,Fallow,128.83909282049305
303C_20210929,303C,20210929,09/29/2021,Soy,Under,137.6027424674974
304A_20210929,304A,20210929,09/29/2021,Oat,Post,142.25922996797962
304B_20210929,304B,20210929,09/29/2021,Oat,Fallow,132.7326371474866
304C_20210929,304C,20210929,09/29/2021,Oat,Under,144.71478241580186
305A_20210929,305A,20210929,09/29/2021,Oat,Post,130.8871764206628
305B_20210929,305B,20210929,09/29/2021,Oat,Fallow,134.60468707804483
305C_20210929,305C,20210929,09/29/2021,Oat,Under,145.8261315632113
306A_20210929,306A,20210929,09/29/2021,Oat,Post,140.256971302226
306B_20210929,306B,20210929,09/29/2021,Oat,Fallow,120.70196221210601
306C_20210929,306C,20210929,09/29/2021,Oat,Under,145.6655571254967
307A_20210929,307A,20210929,09/29/2021,Oat,Post,142.57410798676747
307B_20210929,307B,20210929,09/29/2021,Oat,Fallow,136.489498741368
307C_20210929,307C,20210929,09/29/2021,Oat,Under,148.3255938717642
308A_20210929,308A,20210929,09/29/2021,Oat,Post,138.37555155568845
308B_20210929,308B,20210929,09/29/2021,Oat,Fallow,125.8649815786428
308C_20210929,308C,20210929,09/29/2021,Oat,Under,142.3308622834767
309A_20210929,309A,20210929,09/29/2021,Oat,Post,135.61913180915087
309B_20210929,309B,20210929,09/29/2021,Oat,Fallow,138.5190699625786
309C_20210929,309C,20210929,09/29/2021,Oat,Under,150.2556132093669
310A_20210929,310A,20210929,09/29/2021,Oat,Post,135.385105826357
310B_20210929,310B,20210929,09/29/2021,Oat,Fallow,137.1633641641912
310C_20210929,310C,20210929,09/29/2021,Oat,Under,150.1986347941823
401A_20210929,401A,20210929,09/29/2021,Oat,Under,149.20729994502526
401B_20210929,401B,20210929,09/29/2021,Oat,Fallow,132.89334419968367
401C_20210929,401C,20210929,09/29/2021,Oat,Post,125.12819178947572
402A_20210929,402A,20210929,09/29/2021,Oat,Under,140.26529346379382
402B_20210929,402B,20210929,09/29/2021,Oat,Fallow,129.07296087149416
402C_20210929,402C,20210929,09/29/2021,Oat,Post,127.39434724740558
403A_20210929,403A,20210929,09/29/2021,Oat,Under,144.24489615080438
403B_20210929,403B,20210929,09/29/2021,Oat,Fallow,124.61113515585818
403C_20210929,403C,20210929,09/29/2021,Oat,Post,133.36787016318814
404A_20210929,404A,20210929,09/29/2021,Soy,Under,140.27630890494194
404B_20210929,404B,20210929,09/29/2021,Soy,Fallow,124.46765773889896
404C_20210929,404C,20210929,09/29/2021,Soy,Post,128.08251273099032
405A_20210929,405A,20210929,09/29/2021,Oat,Under,135.20014539369623
405B_20210929,405B,20210929,09/29/2021,Oat,Fallow,124.0099358387022
405C_20210929,405C,20210929,09/29/2021,Oat,Post,128.74336445353188
406A_20210929,406A,20210929,09/29/2021,Oat,Under,130.64749623857105
406B_20210929,406B,20210929,09/29/2021,Oat,Fallow,120.12860289437135
406C_20210929,406C,20210929,09/29/2021,Oat,Post,116.388800948073
407A_20210929,407A,20210929,09/29/2021,Oat,Under,123.29994924482081
407B_20210929,407B,20210929,09/29/2021,Oat,Fallow,119.1421910564793
407C_20210929,407C,20210929,09/29/2021,Oat,Post,131.36729087901702
408A_20210929,408A,20210929,09/29/2021,Oat,Under,129.3986795214305
408B_20210929,408B,20210929,09/29/2021,Oat,Fallow,120.5463041549323
408C_20210929,408C,20210929,09/29/2021,Oat,Post,119.6821749257359
409A_20210929,409A,20210929,09/29/2021,Oat,Under,128.48167569248872
409B_20210929,409B,20210929,09/29/2021,Oat,Fallow,121.66634256490876
409C_20210929,409C,20210929,09/29/2021,Oat,Post,126.91439915994754
410A_20210929,410A,20210929,09/29/2021,Oat,Under,145.0996109573319
410B_20210929,410B,20210929,09/29/2021,Oat,Fallow,129.7806532348289
410C_20210929,410C,20210929,09/29/2021,Oat,Post,127.02702683152656
101A_20211005,101A,20211005,10/05/2021,Oat,Fallow,100.9223313143783
101B_20211005,101B,20211005,10/05/2021,Oat,Post,111.87420913545002
101C_20211005,101C,20211005,10/05/2021,Oat,Under,119.68640773889896
102A_20211005,102A,20211005,10/05/2021,Oat,Fallow,102.98387588731144
102B_20211005,102B,20211005,10/05/2021,Oat,Post,118.63292190694803
102C_20211005,102C,20211005,10/05/2021,Oat,Under,115.14184324485937
103A_20211005,103A,20211005,10/05/2021,Oat,Fallow,112.23263413352109
103B_20211005,103B,20211005,10/05/2021,Oat,Post,117.56356272423903
103C_20211005,103C,20211005,10/05/2021,Oat,Under,120.87400478858841
104A_20211005,104A,20211005,10/05/2021,Oat,Fallow,93.25090057289457
104B_20211005,104B,20211005,10/05/2021,Oat,Post,108.95330764630994
104C_20211005,104C,20211005,10/05/2021,Oat,Under,116.52726011245709
105A_20211005,105A,20211005,10/05/2021,Oat,Fallow,103.33305403919601
105B_20211005,105B,20211005,10/05/2021,Oat,Post,112.39982965066935
105C_20211005,105C,20211005,10/05/2021,Oat,Under,119.57075886829212
106A_20211005,106A,20211005,10/05/2021,Soy,Fallow,101.99597575325026
106B_20211005,106B,20211005,10/05/2021,Soy,Post,108.95112854924578
106C_20211005,106C,20211005,10/05/2021,Soy,Under,123.04181033235601
107A_20211005,107A,20211005,10/05/2021,Oat,Fallow,106.17538265306122
107B_20211005,107B,20211005,10/05/2021,Oat,Post,114.42456707399406
107C_20211005,107C,20211005,10/05/2021,Oat,Under,117.73878443154199
108A_20211005,108A,20211005,10/05/2021,Oat,Fallow,104.47262415126731
108B_20211005,108B,20211005,10/05/2021,Oat,Post,109.82545703773003
108C_20211005,108C,20211005,10/05/2021,Oat,Under,120.2601612833224
109A_20211005,109A,20211005,10/05/2021,Oat,Fallow,110.52455779098028
109B_20211005,109B,20211005,10/05/2021,Oat,Post,114.38490991859882
109C_20211005,109C,20211005,10/05/2021,Oat,Under,127.69013842540797
110A_20211005,110A,20211005,10/05/2021,Oat,Fallow,103.7389821476795
110B_20211005,110B,20211005,10/05/2021,Oat,Post,109.86201583658038
110C_20211005,110C,20211005,10/05/2021,Oat,Under,114.43009649511978
201A_20211005,201A,20211005,10/05/2021,Oat,Under,111.73224894872882
201B_20211005,201B,20211005,10/05/2021,Oat,Fallow,110.32231949963351
201C_20211005,201C,20211005,10/05/2021,Oat,Post,115.75336418830292
202A_20211005,202A,20211005,10/05/2021,Oat,Under,127.3000915039929
202B_20211005,202B,20211005,10/05/2021,Oat,Fallow,108.01747858878902
202C_20211005,202C,20211005,10/05/2021,Oat,Post,113.29617696558775
203A_20211005,203A,20211005,10/05/2021,Soy,Under,111.84939334902202
203B_20211005,203B,20211005,10/05/2021,Soy,Fallow,117.17340669727248
203C_20211005,203C,20211005,10/05/2021,Soy,Post,112.47428183229813
204A_20211005,204A,20211005,10/05/2021,Oat,Under,127.01016670846032
204B_20211005,204B,20211005,10/05/2021,Oat,Fallow,112.51686012306624
204C_20211005,204C,20211005,10/05/2021,Oat,Post,112.46558051386906
205A_20211005,205A,20211005,10/05/2021,Oat,Under,119.88222085857028
205B_20211005,205B,20211005,10/05/2021,Oat,Fallow,109.82563486169515
205C_20211005,205C,20211005,10/05/2021,Oat,Post,110.47142881254581
206A_20211005,206A,20211005,10/05/2021,Oat,Under,115.93572115755565
206B_20211005,206B,20211005,10/05/2021,Oat,Fallow,111.18199167663285
206C_20211005,206C,20211005,10/05/2021,Oat,Post,114.7739634369816
207A_20211005,207A,20211005,10/05/2021,Oat,Under,122.77616423459743
207B_20211005,207B,20211005,10/05/2021,Oat,Fallow,116.26033850449443
207C_20211005,207C,20211005,10/05/2021,Oat,Post,108.33528497646695
208A_20211005,208A,20211005,10/05/2021,Oat,Under,120.53975420508468
208B_20211005,208B,20211005,10/05/2021,Oat,Fallow,110.37035065680337
208C_20211005,208C,20211005,10/05/2021,Oat,Post,112.82291264804599
209A_20211005,209A,20211005,10/05/2021,Oat,Under,121.92504750009644
209B_20211005,209B,20211005,10/05/2021,Oat,Fallow,101.86767726939547
209C_20211005,209C,20211005,10/05/2021,Oat,Post,102.83103166833841
210A_20211005,210A,20211005,10/05/2021,Oat,Under,122.81272845858571
210B_20211005,210B,20211005,10/05/2021,Oat,Fallow,109.83273817561052
210C_20211005,210C,20211005,10/05/2021,Oat,Post,106.72727771401566
301A_20211005,301A,20211005,10/05/2021,Oat,Post,111.51831948516647
301B_20211005,301B,20211005,10/05/2021,Oat,Fallow,109.59949642664249
301C_20211005,301C,20211005,10/05/2021,Oat,Under,126.92927850488022
302A_20211005,302A,20211005,10/05/2021,Oat,Post,113.8940693597855
302B_20211005,302B,20211005,10/05/2021,Oat,Fallow,109.76602766579221
302C_20211005,302C,20211005,10/05/2021,Oat,Under,113.7406639404344
303A_20211005,303A,20211005,10/05/2021,Soy,Post,105.96517423131823
303B_20211005,303B,20211005,10/05/2021,Soy,Fallow,102.38442647853093
303C_20211005,303C,20211005,10/05/2021,Soy,Under,119.7146232784229
304A_20211005,304A,20211005,10/05/2021,Oat,Post,109.87980305543768
304B_20211005,304B,20211005,10/05/2021,Oat,Fallow,106.87705853844373
304C_20211005,304C,20211005,10/05/2021,Oat,Under,119.44403186605454
305A_20211005,305A,20211005,10/05/2021,Oat,Post,107.37094621638826
305B_20211005,305B,20211005,10/05/2021,Oat,Fallow,107.19524408298291
305C_20211005,305C,20211005,10/05/2021,Oat,Under,119.83972575325026
306A_20211005,306A,20211005,10/05/2021,Oat,Post,112.93902687492766
306B_20211005,306B,20211005,10/05/2021,Oat,Fallow,103.23351903379499
306C_20211005,306C,20211005,10/05/2021,Oat,Under,114.77019839126577
307A_20211005,307A,20211005,10/05/2021,Oat,Post,103.99819945700398
307B_20211005,307B,20211005,10/05/2021,Oat,Fallow,100.35947446086185
307C_20211005,307C,20211005,10/05/2021,Oat,Under,118.29054446684155
308A_20211005,308A,20211005,10/05/2021,Oat,Post,108.72087183171945
308B_20211005,308B,20211005,10/05/2021,Oat,Fallow,103.53653167316075
308C_20211005,308C,20211005,10/05/2021,Oat,Under,115.61723903881023
309A_20211005,309A,20211005,10/05/2021,Oat,Post,116.56239210003471
309B_20211005,309B,20211005,10/05/2021,Oat,Fallow,109.62395114000232
309C_20211005,309C,20211005,10/05/2021,Oat,Under,123.79862430558235
310A_20211005,310A,20211005,10/05/2021,Oat,Post,113.68666573434668
310B_20211005,310B,20211005,10/05/2021,Oat,Fallow,107.58563399367308
310C_20211005,310C,20211005,10/05/2021,Oat,Under,119.0134917152116
401A_20211005,401A,20211005,10/05/2021,Oat,Under,128.1396900678986
401B_20211005,401B,20211005,10/05/2021,Oat,Fallow,106.6785919235369
401C_20211005,401C,20211005,10/05/2021,Oat,Post,117.5347775452336
402A_20211005,402A,20211005,10/05/2021,Oat,Under,117.99589437618147
402B_20211005,402B,20211005,10/05/2021,Oat,Fallow,109.55801039697542
402C_20211005,402C,20211005,10/05/2021,Oat,Post,118.59807142374909
403A_20211005,403A,20211005,10/05/2021,Oat,Under,126.5382550586397
403B_20211005,403B,20211005,10/05/2021,Oat,Fallow,110.64065634524131
403C_20211005,403C,20211005,10/05/2021,Oat,Post,119.08150546371668
404A_20211005,404A,20211005,10/05/2021,Soy,Under,114.04094532425447
404B_20211005,404B,20211005,10/05/2021,Soy,Fallow,110.28838767312217
404C_20211005,404C,20211005,10/05/2021,Soy,Post,109.6622863701246
405A_20211005,405A,20211005,10/05/2021,Oat,Under,128.0019964507542
405B_20211005,405B,20211005,10/05/2021,Oat,Fallow,111.57194757628949
405C_20211005,405C,20211005,10/05/2021,Oat,Post,113.56153311986421
406A_20211005,406A,20211005,10/05/2021,Oat,Under,124.61376273099032
406B_20211005,406B,20211005,10/05/2021,Oat,Fallow,114.61439747212685
406C_20211005,406C,20211005,10/05/2021,Oat,Post,117.42711929998843
407A_20211005,407A,20211005,10/05/2021,Oat,Under,128.79380738590334
407B_20211005,407B,20211005,10/05/2021,Oat,Fallow,112.01575882006867
407C_20211005,407C,20211005,10/05/2021,Oat,Post,110.8833396425678
408A_20211005,408A,20211005,10/05/2021,Oat,Under,128.75149251572086
408B_20211005,408B,20211005,10/05/2021,Oat,Fallow,114.37371243393387
408C_20211005,408C,20211005,10/05/2021,Oat,Post,114.40898487230432
409A_20211005,409A,20211005,10/05/2021,Oat,Under,120.92257484279156
409B_20211005,409B,20211005,10/05/2021,Oat,Fallow,109.40330897245477
409C_20211005,409C,20211005,10/05/2021,Oat,Post,111.11080723641064
410A_20211005,410A,20211005,10/05/2021,Oat,Under,118.92018235696925
410B_20211005,410B,20211005,10/05/2021,Oat,Fallow,108.87834067937193
410C_20211005,410C,20211005,10/05/2021,Oat,Post,108.77959533293469
101A_20211015,101A,20211015,10/15/2021,Oat,Fallow,123.70815711681648
101B_20211015,101B,20211015,10/15/2021,Oat,Post,135.40709692430846
101C_20211015,101C,20211015,10/15/2021,Oat,Under,134.7306732475599
102A_20211015,102A,20211015,10/15/2021,Oat,Fallow,110.89609836136724
102B_20211015,102B,20211015,10/15/2021,Oat,Post,115.56948094691563
102C_20211015,102C,20211015,10/15/2021,Oat,Under,119.62379441379576
103A_20211015,103A,20211015,10/15/2021,Oat,Fallow,117.39204397496239
103B_20211015,103B,20211015,10/15/2021,Oat,Post,120.38401356525597
103C_20211015,103C,20211015,10/15/2021,Oat,Under,142.74426020408163
104A_20211015,104A,20211015,10/15/2021,Oat,Fallow,114.52472838142819
104B_20211015,104B,20211015,10/15/2021,Oat,Post,115.32806291231049
104C_20211015,104C,20211015,10/15/2021,Oat,Under,136.5562092511863
105A_20211015,105A,20211015,10/15/2021,Oat,Fallow,113.9034916187647
105B_20211015,105B,20211015,10/15/2021,Oat,Post,120.18620520041665
105C_20211015,105C,20211015,10/15/2021,Oat,Under,124.70739156957679
106A_20211015,106A,20211015,10/15/2021,Soy,Fallow,118.91162209212608
106B_20211015,106B,20211015,10/15/2021,Soy,Post,128.95519499151268
106C_20211015,106C,20211015,10/15/2021,Soy,Under,133.35799942614096
107A_20211015,107A,20211015,10/15/2021,Oat,Fallow,127.34117848462637
107B_20211015,107B,20211015,10/15/2021,Oat,Post,126.0089116932217
107C_20211015,107C,20211015,10/15/2021,Oat,Under,137.8553296554917
108A_20211015,108A,20211015,10/15/2021,Oat,Fallow,115.61815046198063
108B_20211015,108B,20211015,10/15/2021,Oat,Post,133.16116638054086
108C_20211015,108C,20211015,10/15/2021,Oat,Under,143.60713321245322
109A_20211015,109A,20211015,10/15/2021,Oat,Fallow,103.20238235889819
109B_20211015,109B,20211015,10/15/2021,Oat,Post,127.34320085548397
109C_20211015,109C,20211015,10/15/2021,Oat,Under,144.22450787971144
110A_20211015,110A,20211015,10/15/2021,Oat,Fallow,106.58261098626596
110B_20211015,110B,20211015,10/15/2021,Oat,Post,119.22351025712743
110C_20211015,110C,20211015,10/15/2021,Oat,Under,123.13923737027892
201A_20211015,201A,20211015,10/15/2021,Oat,Under,123.51081109428648
201B_20211015,201B,20211015,10/15/2021,Oat,Fallow,119.94013782261487
201C_20211015,201C,20211015,10/15/2021,Oat,Post,125.24484189942518
202A_20211015,202A,20211015,10/15/2021,Oat,Under,125.24629704197369
202B_20211015,202B,20211015,10/15/2021,Oat,Fallow,121.5592256278693
202C_20211015,202C,20211015,10/15/2021,Oat,Post,119.77714136221596
203A_20211015,203A,20211015,10/15/2021,Soy,Under,139.09602132440878
203B_20211015,203B,20211015,10/15/2021,Soy,Fallow,117.76558642124147
203C_20211015,203C,20211015,10/15/2021,Soy,Post,135.0973649502334
204A_20211015,204A,20211015,10/15/2021,Oat,Under,134.78234105551482
204B_20211015,204B,20211015,10/15/2021,Oat,Fallow,127.59606291713283
204C_20211015,204C,20211015,10/15/2021,Oat,Post,137.82984115196172
205A_20211015,205A,20211015,10/15/2021,Oat,Under,134.2149373336291
205B_20211015,205B,20211015,10/15/2021,Oat,Fallow,117.01664130917017
205C_20211015,205C,20211015,10/15/2021,Oat,Post,124.46568539986883
206A_20211015,206A,20211015,10/15/2021,Oat,Under,136.59637878071834
206B_20211015,206B,20211015,10/15/2021,Oat,Fallow,118.18374821573242
206C_20211015,206C,20211015,10/15/2021,Oat,Post,134.08994336156013
207A_20211015,207A,20211015,10/15/2021,Oat,Under,130.5383352301223
207B_20211015,207B,20211015,10/15/2021,Oat,Fallow,110.74325052563559
207C_20211015,207C,20211015,10/15/2021,Oat,Post,107.88450122487558
208A_20211015,208A,20211015,10/15/2021,Oat,Under,126.44915741580186
208B_20211015,208B,20211015,10/15/2021,Oat,Fallow,114.90356395393697
208C_20211015,208C,20211015,10/15/2021,Oat,Post,119.32842277979245
209A_20211015,209A,20211015,10/15/2021,Oat,Under,112.54557296689943
209B_20211015,209B,20211015,10/15/2021,Oat,Fallow,108.0576059228039
209C_20211015,209C,20211015,10/15/2021,Oat,Post,115.89192040237646
210A_20211015,210A,20211015,10/15/2021,Oat,Under,109.0081672437406
210B_20211015,210B,20211015,10/15/2021,Oat,Fallow,103.51754790999576
210C_20211015,210C,20211015,10/15/2021,Oat,Post,108.97058972454766
301A_20211015,301A,20211015,10/15/2021,Oat,Post,134.3181107981945
301B_20211015,301B,20211015,10/15/2021,Oat,Fallow,124.43616541607192
301C_20211015,301C,20211015,10/15/2021,Oat,Under,137.03824239998457
302A_20211015,302A,20211015,10/15/2021,Oat,Post,114.51455021989892
302B_20211015,302B,20211015,10/15/2021,Oat,Fallow,116.0045788164037
302C_20211015,302C,20211015,10/15/2021,Oat,Under,124.43168666332318
303A_20211015,303A,20211015,10/15/2021,Soy,Post,131.0130944745573
303B_20211015,303B,20211015,10/15/2021,Soy,Fallow,128.394184493268
303C_20211015,303C,20211015,10/15/2021,Soy,Under,129.64527916554144
304A_20211015,304A,20211015,10/15/2021,Oat,Post,129.29882624127157
304B_20211015,304B,20211015,10/15/2021,Oat,Fallow,130.73825879595694
304C_20211015,304C,20211015,10/15/2021,Oat,Under,136.30138208402454
305A_20211015,305A,20211015,10/15/2021,Oat,Post,130.5639183721693
305B_20211015,305B,20211015,10/15/2021,Oat,Fallow,102.29922709868447
305C_20211015,305C,20211015,10/15/2021,Oat,Under,134.20849046140196
306A_20211015,306A,20211015,10/15/2021,Oat,Post,128.79780028741175
306B_20211015,306B,20211015,10/15/2021,Oat,Fallow,110.97630299756953
306C_20211015,306C,20211015,10/15/2021,Oat,Under,131.15808912175456
307A_20211015,307A,20211015,10/15/2021,Oat,Post,134.66614665715056
307B_20211015,307B,20211015,10/15/2021,Oat,Fallow,111.46380227421781
307C_20211015,307C,20211015,10/15/2021,Oat,Under,125.19732854153003
308A_20211015,308A,20211015,10/15/2021,Oat,Post,136.38576648759692
308B_20211015,308B,20211015,10/15/2021,Oat,Fallow,131.43881650013503
308C_20211015,308C,20211015,10/15/2021,Oat,Under,142.93410928880058
309A_20211015,309A,20211015,10/15/2021,Oat,Post,135.37060804945796
309B_20211015,309B,20211015,10/15/2021,Oat,Fallow,117.71349304135643
309C_20211015,309C,20211015,10/15/2021,Oat,Under,144.7658588837236
310A_20211015,310A,20211015,10/15/2021,Oat,Post,134.8474469300953
310B_20211015,310B,20211015,10/15/2021,Oat,Fallow,129.30056831333667
310C_20211015,310C,20211015,10/15/2021,Oat,Under,139.1607233276108
401A_20211015,401A,20211015,10/15/2021,Oat,Under,142.7271523330504
401B_20211015,401B,20211015,10/15/2021,Oat,Fallow,125.62558169534354
401C_20211015,401C,20211015,10/15/2021,Oat,Post,134.72320162705915
402A_20211015,402A,20211015,10/15/2021,Oat,Under,131.5125796892481
402B_20211015,402B,20211015,10/15/2021,Oat,Fallow,116.15194123490606
402C_20211015,402C,20211015,10/15/2021,Oat,Post,122.87562208248139
403A_20211015,403A,20211015,10/15/2021,Oat,Under,145.4434459511593
403B_20211015,403B,20211015,10/15/2021,Oat,Fallow,114.94519827070715
403C_20211015,403C,20211015,10/15/2021,Oat,Post,132.82557699355735
404A_20211015,404A,20211015,10/15/2021,Soy,Under,119.99562975000964
404B_20211015,404B,20211015,10/15/2021,Soy,Fallow,116.31678465336985
404C_20211015,404C,20211015,10/15/2021,Soy,Post,125.18710577331122
405A_20211015,405A,20211015,10/15/2021,Oat,Under,138.3224328247367
405B_20211015,405B,20211015,10/15/2021,Oat,Fallow,125.34216405134833
405C_20211015,405C,20211015,10/15/2021,Oat,Post,135.58368275240153
406A_20211015,406A,20211015,10/15/2021,Oat,Under,126.23330986458856
406B_20211015,406B,20211015,10/15/2021,Oat,Fallow,115.78120237934493
406C_20211015,406C,20211015,10/15/2021,Oat,Post,124.61507440878053
407A_20211015,407A,20211015,10/15/2021,Oat,Under,119.93357702249142
407B_20211015,407B,20211015,10/15/2021,Oat,Fallow,106.47068556865091
407C_20211015,407C,20211015,10/15/2021,Oat,Post,119.49141502063964
408A_20211015,408A,20211015,10/15/2021,Oat,Under,125.3893742043131
408B_20211015,408B,20211015,10/15/2021,Oat,Fallow,105.49073326164114
408C_20211015,408C,20211015,10/15/2021,Oat,Post,120.82660957814127
409A_20211015,409A,20211015,10/15/2021,Oat,Under,122.19571908394738
409B_20211015,409B,20211015,10/15/2021,Oat,Fallow,114.17085507407121
409C_20211015,409C,20211015,10/15/2021,Oat,Post,110.13440477797924
410A_20211015,410A,20211015,10/15/2021,Oat,Under,113.68744394024151
410B_20211015,410B,20211015,10/15/2021,Oat,Fallow,116.07642331507272
410C_20211015,410C,20211015,10/15/2021,Oat,Post,122.10960345858571
101A_20211025,101A,20211025,10/25/2021,Oat,Fallow,103.34648065275259
101B_20211025,101B,20211025,10/25/2021,Oat,Post,112.92734474460862
101C_20211025,101C,20211025,10/25/2021,Oat,Under,122.57149728984221
102A_20211025,102A,20211025,10/25/2021,Oat,Fallow,102.3887466966938
102B_20211025,102B,20211025,10/25/2021,Oat,Post,113.19795725473554
102C_20211025,102C,20211025,10/25/2021,Oat,Under,121.31759902685081
103A_20211025,103A,20211025,10/25/2021,Oat,Fallow,107.53608440067899
103B_20211025,103B,20211025,10/25/2021,Oat,Post,108.16910697407508
103C_20211025,103C,20211025,10/25/2021,Oat,Under,118.80858124204313
104A_20211025,104A,20211025,10/25/2021,Oat,Fallow,100.76289736121292
104B_20211025,104B,20211025,10/25/2021,Oat,Post,104.29931450368427
104C_20211025,104C,20211025,10/25/2021,Oat,Under,108.23119526638632
105A_20211025,105A,20211025,10/25/2021,Oat,Fallow,103.60554003028433
105B_20211025,105B,20211025,10/25/2021,Oat,Post,113.25337081902704
105C_20211025,105C,20211025,10/25/2021,Oat,Under,110.38909752227923
106A_20211025,106A,20211025,10/25/2021,Soy,Fallow,97.17598122661163
106B_20211025,106B,20211025,10/25/2021,Soy,Post,104.05621889587593
106C_20211025,106C,20211025,10/25/2021,Soy,Under,103.87794524709695
107A_20211025,107A,20211025,10/25/2021,Oat,Fallow,106.89855534605147
107B_20211025,107B,20211025,10/25/2021,Oat,Post,101.51871250626905
107C_20211025,107C,20211025,10/25/2021,Oat,Under,111.88948813220941
108A_20211025,108A,20211025,10/25/2021,Oat,Fallow,110.6078656060723
108B_20211025,108B,20211025,10/25/2021,Oat,Post,106.92720971895375
108C_20211025,108C,20211025,10/25/2021,Oat,Under,111.9882756741638
109A_20211025,109A,20211025,10/25/2021,Oat,Fallow,105.23601640561706
109B_20211025,109B,20211025,10/25/2021,Oat,Post,107.80193725647159
109C_20211025,109C,20211025,10/25/2021,Oat,Under,109.6288699317156
110A_20211025,110A,20211025,10/25/2021,Oat,Fallow,100.95731622043903
110B_20211025,110B,20211025,10/25/2021,Oat,Post,105.44364547567609
110C_20211025,110C,20211025,10/25/2021,Oat,Under,110.40977272288877
201A_20211025,201A,20211025,10/25/2021,Oat,Under,111.66702914625208
201B_20211025,201B,20211025,10/25/2021,Oat,Fallow,110.56658814281856
201C_20211025,201C,20211025,10/25/2021,Oat,Post,103.17211069210293
202A_20211025,202A,20211025,10/25/2021,Oat,Under,113.97770208035955
202B_20211025,202B,20211025,10/25/2021,Oat,Fallow,102.91335331391535
202C_20211025,202C,20211025,10/25/2021,Oat,Post,106.40510167914047
203A_20211025,203A,20211025,10/25/2021,Soy,Under,117.63702270842174
203B_20211025,203B,20211025,10/25/2021,Soy,Fallow,97.68315386173373
203C_20211025,203C,20211025,10/25/2021,Soy,Post,106.11664046525983
204A_20211025,204A,20211025,10/25/2021,Oat,Under,111.4464954814629
204B_20211025,204B,20211025,10/25/2021,Oat,Fallow,105.24147771112226
204C_20211025,204C,20211025,10/25/2021,Oat,Post,103.86878942266888
205A_20211025,205A,20211025,10/25/2021,Oat,Under,107.47058550499595
205B_20211025,205B,20211025,10/25/2021,Oat,Fallow,107.78620134254079
205C_20211025,205C,20211025,10/25/2021,Oat,Post,108.4890153013001
206A_20211025,206A,20211025,10/25/2021,Oat,Under,111.871983623317
206B_20211025,206B,20211025,10/25/2021,Oat,Fallow,105.85796145017554
206C_20211025,206C,20211025,10/25/2021,Oat,Post,112.78330311330582
207A_20211025,207A,20211025,10/25/2021,Oat,Under,116.64274864009876
207B_20211025,207B,20211025,10/25/2021,Oat,Fallow,99.89935525249797
207C_20211025,207C,20211025,10/25/2021,Oat,Post,108.28886930481077
208A_20211025,208A,20211025,10/25/2021,Oat,Under,114.89803151884573
208B_20211025,208B,20211025,10/25/2021,Oat,Fallow,109.87199206242043
208C_20211025,208C,20211025,10/25/2021,Oat,Post,114.92667926102388
209A_20211025,209A,20211025,10/25/2021,Oat,Under,107.26703433027275
209B_20211025,209B,20211025,10/25/2021,Oat,Fallow,94.08395340650438
209C_20211025,209C,20211025,10/25/2021,Oat,Post,109.3804938563327
210A_20211025,210A,20211025,10/25/2021,Oat,Under,118.81345422148065
210B_20211025,210B,20211025,10/25/2021,Oat,Fallow,97.65045956946105
210C_20211025,210C,20211025,10/25/2021,Oat,Post,106.09188435534894
301A_20211025,301A,20211025,10/25/2021,Oat,Post,117.390365196173
301B_20211025,301B,20211025,10/25/2021,Oat,Fallow,105.32835888372362
301C_20211025,301C,20211025,10/25/2021,Oat,Under,114.30308919408974
302A_20211025,302A,20211025,10/25/2021,Oat,Post,115.26510780351838
302B_20211025,302B,20211025,10/25/2021,Oat,Fallow,110.08854729273563
302C_20211025,302C,20211025,10/25/2021,Oat,Under,115.37139409166313
303A_20211025,303A,20211025,10/25/2021,Soy,Post,99.7068520697504
303B_20211025,303B,20211025,10/25/2021,Soy,Fallow,107.68918902627213
303C_20211025,303C,20211025,10/25/2021,Soy,Under,117.66116577774777
304A_20211025,304A,20211025,10/25/2021,Oat,Post,112.42202208151691
304B_20211025,304B,20211025,10/25/2021,Oat,Fallow,100.88592080263108
304C_20211025,304C,20211025,10/25/2021,Oat,Under,109.48419657324177
305A_20211025,305A,20211025,10/25/2021,Oat,Post,110.48995143898769
305B_20211025,305B,20211025,10/25/2021,Oat,Fallow,99.9590420170904
305C_20211025,305C,20211025,10/25/2021,Oat,Under,104.923722560858
306A_20211025,306A,20211025,10/25/2021,Oat,Post,104.54480440569422
306B_20211025,306B,20211025,10/25/2021,Oat,Fallow,104.46980066837699
306C_20211025,306C,20211025,10/25/2021,Oat,Under,107.68324367790595
307A_20211025,307A,20211025,10/25/2021,Oat,Post,112.97561460784692
307B_20211025,307B,20211025,10/25/2021,Oat,Fallow,98.20600393985572
307C_20211025,307C,20211025,10/25/2021,Oat,Under,111.32312784518344
308A_20211025,308A,20211025,10/25/2021,Oat,Post,109.37711640658154
308B_20211025,308B,20211025,10/25/2021,Oat,Fallow,105.32037488908607
308C_20211025,308C,20211025,10/25/2021,Oat,Under,111.3975390368813
309A_20211025,309A,20211025,10/25/2021,Oat,Post,110.1062977412137
309B_20211025,309B,20211025,10/25/2021,Oat,Fallow,105.10546648952587
309C_20211025,309C,20211025,10/25/2021,Oat,Under,112.03997482736006
310A_20211025,310A,20211025,10/25/2021,Oat,Post,99.20924817233131
310B_20211025,310B,20211025,10/25/2021,Oat,Fallow,105.91897074283399
310C_20211025,310C,20211025,10/25/2021,Oat,Under,104.66141412850584
401A_20211025,401A,20211025,10/25/2021,Oat,Under,111.79768997627406
401B_20211025,401B,20211025,10/25/2021,Oat,Fallow,97.7799407333822
401C_20211025,401C,20211025,10/25/2021,Oat,Post,103.57591817445315
402A_20211025,402A,20211025,10/25/2021,Oat,Under,110.65677081324023
402B_20211025,402B,20211025,10/25/2021,Oat,Fallow,102.8109333407276
402C_20211025,402C,20211025,10/25/2021,Oat,Post,113.08175682844026
403A_20211025,403A,20211025,10/25/2021,Oat,Under,113.16810211797385
403B_20211025,403B,20211025,10/25/2021,Oat,Fallow,101.80761134794183
403C_20211025,403C,20211025,10/25/2021,Oat,Post,107.57572347228117
404A_20211025,404A,20211025,10/25/2021,Soy,Under,106.74567134273369
404B_20211025,404B,20211025,10/25/2021,Soy,Fallow,104.1361836204236
404C_20211025,404C,20211025,10/25/2021,Soy,Post,104.4079878525134
405A_20211025,405A,20211025,10/25/2021,Oat,Under,114.0156792513792
405B_20211025,405B,20211025,10/25/2021,Oat,Fallow,104.98630212954747
405C_20211025,405C,20211025,10/25/2021,Oat,Post,110.59980626229698
406A_20211025,406A,20211025,10/25/2021,Oat,Under,113.84430999479187
406B_20211025,406B,20211025,10/25/2021,Oat,Fallow,110.92410292330543
406C_20211025,406C,20211025,10/25/2021,Oat,Post,105.47300873326647
407A_20211025,407A,20211025,10/25/2021,Oat,Under,113.7252390677443
407B_20211025,407B,20211025,10/25/2021,Oat,Fallow,98.3064955779098
407C_20211025,407C,20211025,10/25/2021,Oat,Post,115.67136624262181
408A_20211025,408A,20211025,10/25/2021,Oat,Under,122.73231646155627
408B_20211025,408B,20211025,10/25/2021,Oat,Fallow,113.11983346032174
408C_20211025,408C,20211025,10/25/2021,Oat,Post,116.98795137147486
409A_20211025,409A,20211025,10/25/2021,Oat,Under,110.29453736834999
409B_20211025,409B,20211025,10/25/2021,Oat,Fallow,106.9001865041858
409C_20211025,409C,20211025,10/25/2021,Oat,Post,105.74649053855947
410A_20211025,410A,20211025,10/25/2021,Oat,Under,112.49574970583697
410B_20211025,410B,20211025,10/25/2021,Oat,Fallow,110.22456695343544
410C_20211025,410C,20211025,10/25/2021,Oat,Post,107.68750723351722
