Image,Plot,Date,Variety,Cover,Vegetation_Fraction,Green_Avg_Vegetation,EXG_Avg_Vegetation,EXGR_Avg_Vegetation
101A_20210708,101A,20210708,Oat,Fallow,0.10386426546043748,0.4145016970187084,0.24350509105612542,0.1615433514833849
101B_20210708,101B,20210708,Oat,Post,0.09049190328305236,0.4178327887912592,0.2534983663737777,0.14785404623559695
101C_20210708,101C,20210708,Oat,Under,0.09994852146907912,0.4174605266547692,0.2523815799643071,0.15012703538617592
102A_20210708,102A,20210708,Oat,Fallow,0.06485029030515797,0.4145050420861669,0.2435151262585011,0.1272725317033404
102B_20210708,102B,20210708,Oat,Post,0.10254957370471818,0.4149002024550517,0.24470060736515617,0.14004055225639644
102C_20210708,102C,20210708,Oat,Under,0.08270562478299448,0.4128130198402306,0.23843905952069122,0.1286167930337321
103A_20210708,103A,20210708,Oat,Fallow,0.12288238783225956,0.4184936309938523,0.25548089298155624,0.13225551991520687
103B_20210708,103B,20210708,Oat,Post,0.31923259615755567,0.4208091053286299,0.26242731598589025,0.17735152590517808
103C_20210708,103C,20210708,Oat,Under,0.2124990355310366,0.41774361882421407,0.2532308564726425,0.15450322628878688
104A_20210708,104A,20210708,Oat,Fallow,0.11088981906562247,0.41415463985144596,0.24246391955433796,0.13302139273783303
104B_20210708,104B,20210708,Oat,Post,0.09300735889819066,0.4127380715291518,0.23821421458745592,0.11908020155183935
104C_20210708,104C,20210708,Oat,Under,0.06696609409359207,0.4101663135709638,0.23049894071289145,0.11807867343879443
105A_20210708,105A,20210708,Oat,Fallow,0.238288935612052,0.4154962118105628,0.2464886354316878,0.15433599735451684
105B_20210708,105B,20210708,Oat,Post,0.25143766154855135,0.4120695518060322,0.23620865541809719,0.14782903078348475
105C_20210708,105C,20210708,Oat,Under,0.24473580783920373,0.39666362677378486,0.18999088032135425,0.12127080003548873
106A_20210708,106A,20210708,Soy,Fallow,0.3038909089155511,0.445112745267862,0.3353382358035858,0.3232994933882324
106B_20210708,106B,20210708,Soy,Post,0.4654852725589291,0.4474342986882604,0.34230289606478054,0.3351072510905632
106C_20210708,106C,20210708,Soy,Under,0.41399408298290963,0.44344324460628476,0.33032973381885444,0.32351746657886826
107A_20210708,107A,20210708,Oat,Fallow,0.08774256394429228,0.41031063443314375,0.23093190329943147,0.11455121666018057
107B_20210708,107B,20210708,Oat,Post,0.10556655318081865,0.4129834786832489,0.2389504360497463,0.12081977538168383
107C_20210708,107C,20210708,Oat,Under,0.09010671849079896,0.41464109279633654,0.2439232783890087,0.13490719022184178
108A_20210708,108A,20210708,Oat,Fallow,0.043196153697774006,0.4233855927511547,0.2701567782534647,0.15088584185668943
108B_20210708,108B,20210708,Oat,Post,0.049984809613826627,0.42084811099923997,0.26254433299771884,0.1295566651113884
108C_20210708,108C,20210708,Oat,Under,0.06334149917055669,0.41881863824231996,0.2564559147269602,0.14870292167700805
109A_20210708,109A,20210708,Oat,Fallow,0.17136985938042515,0.4156118900162109,0.2468356700486328,0.1507503789859929
109B_20210708,109B,20210708,Oat,Post,0.1478591200185178,0.4163960280441381,0.24918808413241497,0.14976248366060613
109C_20210708,109C,20210708,Oat,Under,0.1883222097912889,0.413909852960527,0.24172955888158099,0.15528854352617655
110A_20210708,110A,20210708,Oat,Fallow,0.0308340727595386,0.42144773601108465,0.2643432080332548,0.13930833854437083
110B_20210708,110B,20210708,Oat,Post,0.035479196404459706,0.42143821868702613,0.2643146560610789,0.15151463175090277
110C_20210708,110C,20210708,Oat,Under,0.06190745438061803,0.41297029866025153,0.23891089598075463,0.126938882383483
201A_20210708,201A,20210708,Oat,Under,0.07223028625438833,0.4017352006525829,0.2052056019577489,0.09331995044153486
201B_20210708,201B,20210708,Oat,Fallow,0.10728089676324216,0.3978089126899227,0.19342673806976832,0.09231560179503276
201C_20210708,201C,20210708,Oat,Post,0.10576065255970063,0.399119597103293,0.19735879130987866,0.09636315507600347
202A_20210708,202A,20210708,Oat,Under,0.2644103718992323,0.4086255646788388,0.225876694036518,0.12817952877709027
202B_20210708,202B,20210708,Oat,Fallow,0.19462260329462597,0.4028588141848102,0.208576442554431,0.11186658126227615
202C_20210708,202C,20210708,Oat,Post,0.28604160236873577,0.4125773530703353,0.2377320592110055,0.15502496381532158
203A_20210708,203A,20210708,Soy,Under,0.5265277188380078,0.45723646563263226,0.3717093968978963,0.3582386247313488
203B_20210708,203B,20210708,Soy,Fallow,0.4558821756490876,0.4470764234888838,0.3412292704666508,0.32446521564021324
203C_20210708,203C,20210708,Soy,Post,0.4936345048416342,0.45256471398511755,0.3576941419553523,0.3471351780329274
204A_20210708,204A,20210708,Oat,Under,0.10169601867211914,0.4078261970813986,0.22347859124419628,0.11491117894844378
204B_20210708,204B,20210708,Oat,Fallow,0.1278843649936345,0.40139193356370884,0.20417580069112629,0.11518331232077121
204C_20210708,204C,20210708,Oat,Post,0.1989325739747695,0.40456857697076426,0.2137057309122928,0.13447508795499147
205A_20210708,205A,20210708,Oat,Under,0.09173305428031325,0.41556633557761546,0.2466990067328464,0.13132534265147117
205B_20210708,205B,20210708,Oat,Fallow,0.11206164885613981,0.41580599120802425,0.24741797362407206,0.13070969256785497
205C_20210708,205C,20210708,Oat,Post,0.1321509345704255,0.4152883381746361,0.24586501452390863,0.1278078068060611
206A_20210708,206A,20210708,Oat,Under,0.07336414007947224,0.4026147381767922,0.20784421453037621,0.10466259437926562
206B_20210708,206B,20210708,Oat,Fallow,0.21299633984028393,0.4191840905386579,0.2575522716159732,0.17205191250114743
206C_20210708,206C,20210708,Oat,Post,0.1462490596427607,0.4080761897152458,0.22422856914573724,0.1280612186578893
207A_20210708,207A,20210708,Oat,Under,0.12626707110065197,0.4022835990197097,0.20685079705912882,0.10799046382781283
207B_20210708,207B,20210708,Oat,Fallow,0.22199905482041588,0.40805844007100184,0.2241753202130063,0.1414405051053132
207C_20210708,207C,20210708,Oat,Post,0.31636932892249525,0.4220288069520292,0.26608642085608786,0.19204395151603185
208A_20210708,208A,20210708,Oat,Under,0.19711696115119015,0.42263583458011,0.2679075037403299,0.1672900513272742
208B_20210708,208B,20210708,Oat,Fallow,0.18146182149608425,0.4200657833435634,0.2601973500306906,0.17533756766822425
208C_20210708,208C,20210708,Oat,Post,0.23882301030052852,0.42184766922020056,0.26554300766060074,0.2032094605842547
209A_20210708,209A,20210708,Oat,Under,0.13084588750434012,0.4200556304178022,0.26016689125340714,0.1527026374373198
209B_20210708,209B,20210708,Oat,Fallow,0.19247605705798387,0.4153622609935527,0.24608678298065761,0.15207981048660563
209C_20210708,209C,20210708,Oat,Post,0.13243304174221673,0.418577353348718,0.2557320600461544,0.14394385300705667
210A_20210708,210A,20210708,Oat,Under,0.22567729832953975,0.4008325004833415,0.20249750145002415,0.1378337325364603
210B_20210708,210B,20210708,Oat,Fallow,0.37259244435014083,0.41741783454561365,0.2522535036368411,0.19056786250263102
210C_20210708,210C,20210708,Oat,Post,0.3610549843756028,0.3967341750618964,0.19020252518568886,0.15368214132698874
301A_20210708,301A,20210708,Oat,Post,0.06470622275375179,0.4159299324194209,0.24778979725826222,0.13148475549748218
301B_20210708,301B,20210708,Oat,Fallow,0.06330593437753174,0.4146861805723665,0.24405854171709845,0.1228192811197048
301C_20210708,301C,20210708,Oat,Under,0.09007296207708036,0.4168490533050509,0.2505471599151528,0.13533755046533139
302A_20210708,302A,20210708,Oat,Post,0.13605643107904788,0.4152873896129631,0.2458621688388892,0.1386504136787734
302B_20210708,302B,20210708,Oat,Fallow,0.15335177076501677,0.4170748473431098,0.2512245420293293,0.1485141208322642
302C_20210708,302C,20210708,Oat,Under,0.1477216831912349,0.41618794095604594,0.2485638228681372,0.1441068809381809
303A_20210708,303A,20210708,Soy,Post,0.2956374657613518,0.4540852985679593,0.3622558957038776,0.35216242117972957
303B_20210708,303B,20210708,Soy,Fallow,0.46645396107403264,0.4715786058595757,0.4147358175787274,0.4132374192847722
303C_20210708,303C,20210708,Soy,Under,0.4900858618494657,0.4530681740670027,0.35920452220100807,0.3654124067947185
304A_20210708,304A,20210708,Oat,Post,0.08981014428455693,0.4072970786783365,0.2218912360350098,0.11518724730538311
304B_20210708,304B,20210708,Oat,Fallow,0.09155583310829057,0.4046333805318725,0.21390014159561774,0.10176143857494331
304C_20210708,304C,20210708,Oat,Under,0.12068520697503954,0.41428206562148634,0.24284619686445905,0.11084311171619081
305A_20210708,305A,20210708,Oat,Post,0.14490362543883337,0.41329467847592005,0.2398840354277611,0.1279051938405268
305B_20210708,305B,20210708,Oat,Fallow,0.1562096128621581,0.4138656609095404,0.2415969827286211,0.13941523952122514
305C_20210708,305C,20210708,Oat,Under,0.22197132633771846,0.41376707779282534,0.24130123337847573,0.15198492781008197
306A_20210708,306A,20210708,Oat,Post,0.11777974422283091,0.3986877300459468,0.19606319013784085,0.09943068501069142
306B_20210708,306B,20210708,Oat,Fallow,0.21226454901431271,0.40210154973238865,0.20630464919716632,0.12231838765069447
306C_20210708,306C,20210708,Oat,Under,0.22323598626596197,0.4150958605399845,0.24528758161995337,0.14684092871773158
307A_20210708,307A,20210708,Oat,Post,0.1916315439219166,0.413071499674103,0.23921449902230896,0.1502607351431639
307B_20210708,307B,20210708,Oat,Fallow,0.12751304444272984,0.4082709995747273,0.22481299872418128,0.12683800841622245
307C_20210708,307C,20210708,Oat,Under,0.2010857509355349,0.41421309337734147,0.24263928013202415,0.15338924223165842
308A_20210708,308A,20210708,Oat,Post,0.10967880772346746,0.41665969088179017,0.24997907264536945,0.13357654844630817
308B_20210708,308B,20210708,Oat,Fallow,0.12980064426526755,0.41583709223348503,0.24751127670045514,0.16415226598176844
308C_20210708,308C,20210708,Oat,Under,0.2430082028085336,0.4185495470183357,0.25564864105500723,0.16281085099274642
309A_20210708,309A,20210708,Oat,Post,0.237829004475136,0.4190436649526351,0.2571309948579053,0.17410257272486007
309B_20210708,309B,20210708,Oat,Fallow,0.14824551039697542,0.4136216282842292,0.24086488485268695,0.13677099325195533
309C_20210708,309C,20210708,Oat,Under,0.23784467709579105,0.41772728125423086,0.2531818437626935,0.153270857451578
310A_20210708,310A,20210708,Oat,Post,0.290074288221905,0.42062958227389796,0.2618887468216933,0.19192502384731852
310B_20210708,310B,20210708,Oat,Fallow,0.2546511515759423,0.42071008106535907,0.2621302431960765,0.17653507538233845
310C_20210708,310C,20210708,Oat,Under,0.36072465375564217,0.42590159272510614,0.27770477817531836,0.21857703631845254
401A_20210708,401A,20210708,Oat,Under,0.10229941456733922,0.40080557039924053,0.20241671119772175,0.0952674651030088
401B_20210708,401B,20210708,Oat,Fallow,0.142127160410478,0.4049537704386509,0.21486131131595163,0.10967135871370148
401C_20210708,401C,20210708,Oat,Post,0.11187598858068748,0.40015040016554476,0.20045120049663473,0.10051040547557182
402A_20210708,402A,20210708,Oat,Under,0.2907445941514602,0.4168233322543089,0.2504699967629272,0.15477882074814342
402B_20210708,402B,20210708,Oat,Fallow,0.3692053499093399,0.41723509396238284,0.2517052818871488,0.17579263709605217
402C_20210708,402C,20210708,Oat,Post,0.38060537305659503,0.4059487476236981,0.21784624287109486,0.14225661157875444
403A_20210708,403A,20210708,Oat,Under,0.10758832124532232,0.4020077850471729,0.20602335514151834,0.10334273188994599
403B_20210708,403B,20210708,Oat,Fallow,0.1882046651363759,0.4014626434062734,0.20438793021882026,0.11835432262474758
403C_20210708,403C,20210708,Oat,Post,0.11334439257744686,0.39675204004676873,0.1902561201403055,0.08943833141885071
404A_20210708,404A,20210708,Soy,Under,0.5918970140040893,0.4478975816756247,0.34369274502687414,0.32829592413878855
404B_20210708,404B,20210708,Soy,Fallow,0.3536436431850623,0.4430539725198815,0.32916191755964364,0.2948784241429369
404C_20210708,404C,20210708,Soy,Post,0.27312917132826664,0.444735620370503,0.33420686111150905,0.3110848974797987
405A_20210708,405A,20210708,Oat,Under,0.21031029377724625,0.4224018912571478,0.2672056737714442,0.18650375968884492
405B_20210708,405B,20210708,Oat,Fallow,0.14504347343852475,0.41597414032886476,0.24792242098659373,0.15515749698903902
405C_20210708,405C,20210708,Oat,Post,0.07915999575633656,0.40551585056088646,0.21654755168265974,0.10946690659180702
406A_20210708,406A,20210708,Oat,Under,0.2702164750588326,0.40613321964518934,0.2183996589355688,0.15696910557725097
406B_20210708,406B,20210708,Oat,Fallow,0.3267126557617376,0.4138274237345694,0.241482271203709,0.1700790470905284
406C_20210708,406C,20210708,Oat,Post,0.22186704313105204,0.4113050117938499,0.23391503538154854,0.1481238314307462
407A_20210708,407A,20210708,Oat,Under,0.10051514698507003,0.4136055239804324,0.24081657194129794,0.12779061694475954
407B_20210708,407B,20210708,Oat,Fallow,0.13425829925542995,0.4123486535230915,0.23704596056927457,0.13154117815447725
407C_20210708,407C,20210708,Oat,Post,0.11748256722348675,0.41268297269417137,0.23804891808251366,0.13095856951680257
408A_20210708,408A,20210708,Oat,Under,0.09228581555495544,0.4204966373140083,0.26148991194202487,0.14607718767269048
408B_20210708,408B,20210708,Oat,Fallow,0.13300388680992245,0.41303978536678904,0.2391193561003672,0.14188595690730627
408C_20210708,408C,20210708,Oat,Post,0.11054200744570039,0.41584954554076836,0.24754863662230536,0.14598627979107062
409A_20210708,409A,20210708,Oat,Under,0.11396587226573049,0.4164027158191772,0.2492081474575321,0.14193538009734802
409B_20210708,409B,20210708,Oat,Fallow,0.19828396859689054,0.41828120095486154,0.25484360286458463,0.16972620265343175
409C_20210708,409C,20210708,Oat,Post,0.15331680876509393,0.4154303826890599,0.24629114806718003,0.14746776732183833
410A_20210708,410A,20210708,Oat,Under,0.30299515836580376,0.42124309523514236,0.2637292857054266,0.18981144054595014
410B_20210708,410B,20210708,Oat,Fallow,0.4021992303537672,0.4244578470531965,0.273373541159589,0.212286557808605
410C_20210708,410C,20210708,Oat,Post,0.3747950503452799,0.42093278451214866,0.2627983535364458,0.19311171549008158
101A_20210821,101A,20210821,Oat,Fallow,0.1967130897727711,0.4083853580152927,0.22515607404587754,0.17581829532723686
101B_20210821,101B,20210821,Oat,Post,0.045365003279194474,0.39968431061380955,0.19905293184142842,0.13682995414783194
101C_20210821,101C,20210821,Oat,Under,0.13634094942324756,0.3997397493774944,0.19921924813248362,0.14425461397999628
102A_20210821,102A,20210821,Oat,Fallow,0.3045274584313877,0.4065099074274489,0.21952972228234582,0.15495347905757548
102B_20210821,102B,20210821,Oat,Post,0.103401923151113,0.40123543895031033,0.20370631685093077,0.1485998633361719
102C_20210821,102C,20210821,Oat,Under,0.17517408664789166,0.39681890485995197,0.19045671457985627,0.13472600150270173
103A_20210821,103A,20210821,Oat,Fallow,0.14707488619266232,0.4067331973537645,0.22019959206129344,0.14084887529921797
103B_20210821,103B,20210821,Oat,Post,0.09372287431040469,0.4125062895016623,0.23751886850498694,0.17975237362580662
103C_20210821,103C,20210821,Oat,Under,0.14908279001581728,0.4038970798890236,0.21169123966707137,0.15475828749313614
104A_20210821,104A,20210821,Oat,Fallow,0.1804099475328884,0.40017421914938583,0.20052265744815753,0.14407690260491374
104B_20210821,104B,20210821,Oat,Post,0.12589997010146214,0.3989754834750391,0.19692645042511717,0.15536161081409533
104C_20210821,104C,20210821,Oat,Under,0.16310134639867288,0.4028769136263688,0.20863074087910655,0.1680682481583351
105A_20210821,105A,20210821,Oat,Fallow,0.07285779387369315,0.4066507097110008,0.2199521291330025,0.14647009127779592
105B_20210821,105B,20210821,Oat,Post,0.1108741464449674,0.4053872425492826,0.21616172764784725,0.13745822691751436
105C_20210821,105C,20210821,Oat,Under,0.0912749315227036,0.408849640689543,0.2265489220686295,0.17412284514478926
106A_20210821,106A,20210821,Soy,Fallow,0.11981055418386637,0.40888213299868037,0.22664639899604117,0.16623163709780941
106B_20210821,106B,20210821,Soy,Post,0.06126849369237298,0.39478712776973635,0.1843613833092099,0.11831324080524418
106C_20210821,106C,20210821,Soy,Under,0.20833976312642258,0.40901177866769756,0.22703533600309292,0.18190472680373468
107A_20210821,107A,20210821,Oat,Fallow,0.196400842945874,0.3876090362128848,0.16282710863865435,0.13413612005150238
107B_20210821,107B,20210821,Oat,Post,0.08669310115350488,0.3859062357336578,0.15771870720097317,0.11638546059137624
107C_20210821,107C,20210821,Oat,Under,0.07149005632498746,0.3901488932713231,0.17044667981396994,0.11894799794879156
108A_20210821,108A,20210821,Oat,Fallow,0.23945473747154816,0.38832783241132895,0.16498349723398678,0.12918007097393588
108B_20210821,108B,20210821,Oat,Post,0.1331696549130049,0.3843171502940307,0.1529514508820922,0.12815734995687736
108C_20210821,108C,20210821,Oat,Under,0.11597980401990664,0.3922355875836983,0.17670676275109384,0.14294580853482083
109A_20210821,109A,20210821,Oat,Fallow,0.08434039967593843,0.38361989065029517,0.15085967195088634,0.06933630864149395
109B_20210821,109B,20210821,Oat,Post,0.10849130531229505,0.4008290223662569,0.20248706709877126,0.13220337325425802
109C_20210821,109C,20210821,Oat,Under,0.1263339811349871,0.38874376708118974,0.16623130124357022,0.12396665190140209
110A_20210821,110A,20210821,Oat,Fallow,0.12801999344161105,0.37520602810377546,0.12561808431132648,0.1033718875074558
110B_20210821,110B,20210821,Oat,Post,0.05836182535396011,0.38156801241983607,0.144704037259508,0.12195966565645541
110C_20210821,110C,20210821,Oat,Under,0.09192112572817407,0.37871337504437685,0.13614012513313095,0.11905142832924046
201A_20210821,201A,20210821,Oat,Under,0.15401785714285715,0.382758177443305,0.14827453232991478,0.1363177178342944
201B_20210821,201B,20210821,Oat,Fallow,0.05649135835808804,0.3784047701943971,0.13521431058319094,0.11266407803477103
201C_20210821,201C,20210821,Oat,Post,0.02591528104625593,0.3781433821442192,0.13443014643265747,0.11954095274115295
202A_20210821,202A,20210821,Oat,Under,0.1936804376760156,0.41421446045245075,0.2426433813573524,0.1751800704914188
202B_20210821,202B,20210821,Oat,Fallow,0.19019026561475252,0.4258203627733455,0.27746108832003574,0.1763476117057639
202C_20210821,202C,20210821,Oat,Post,0.0941556797577254,0.42635072262997425,0.27905216788992315,0.17728752988138252
203A_20210821,203A,20210821,Soy,Under,0.17018115138304848,0.40636699034481555,0.2191009710344473,0.1852513039646623
203B_20210821,203B,20210821,Soy,Fallow,0.018818597855021026,0.4058357503738672,0.21750725112160227,0.14269479955965986
203C_20210821,203C,20210821,Soy,Post,0.070629267775163,0.40695388577782576,0.2208616573334771,0.14638981209700766
204A_20210821,204A,20210821,Oat,Under,0.2500982552756452,0.40567678593449313,0.21703035780347965,0.17261655115788724
204B_20210821,204B,20210821,Oat,Fallow,0.14627859650476446,0.4117941705513129,0.235382511653939,0.14814299043274076
204C_20210821,204C,20210821,Oat,Post,0.08693662956676054,0.4066920278054756,0.22007608341642665,0.14385428279905998
205A_20210821,205A,20210821,Oat,Under,0.2909073482890321,0.4095101511370336,0.22853045341109998,0.17343020163260042
205B_20210821,205B,20210821,Oat,Fallow,0.14284689537440684,0.4022945072857267,0.20688352185718092,0.13496131060955244
205C_20210821,205C,20210821,Oat,Post,0.058340124802283864,0.4090332146681957,0.2270996440045872,0.1504382957387209
206A_20210821,206A,20210821,Oat,Under,0.1420035878245438,0.3843135920522147,0.1529407761566446,0.1148732089131101
206B_20210821,206B,20210821,Oat,Fallow,0.06626685409513522,0.3952796045090355,0.1858388135271066,0.13252731644830837
206C_20210821,206C,20210821,Oat,Post,0.0662361116469272,0.40830104908563636,0.2249031472569085,0.16005347980843967
207A_20210821,207A,20210821,Oat,Under,0.12660463523783805,0.39104057817988874,0.17312173453966673,0.13427133261466603
207B_20210821,207B,20210821,Oat,Fallow,0.12991879171328266,0.4112322579183087,0.2336967737549276,0.16972357221856166
207C_20210821,207C,20210821,Oat,Post,0.10463523783804637,0.4224754750676891,0.2674264252030682,0.17416093858484574
208A_20210821,208A,20210821,Oat,Under,0.1199293044249836,0.38088911526722896,0.14266734580168713,0.1236298636025248
208B_20210821,208B,20210821,Oat,Fallow,0.03397402202847112,0.39344536798202917,0.1803361039460879,0.1348192453989715
208C_20210821,208C,20210821,Oat,Post,0.04567725010609158,0.4003019856749051,0.20090595702471553,0.14751864089400307
209A_20210821,209A,20210821,Oat,Under,0.18641256124377917,0.40874058836242005,0.22622176508725883,0.1717490807801392
209B_20210821,209B,20210821,Oat,Fallow,0.15156026966552216,0.4104761754035918,0.2314285262107751,0.13175226020680927
209C_20210821,209C,20210821,Oat,Post,0.14766381505343157,0.42087960671523234,0.26263882014569717,0.16403939736684015
210A_20210821,210A,20210821,Oat,Under,0.12675653909957177,0.39223459150829254,0.17670377452487745,0.14808793575191523
210B_20210821,210B,20210821,Oat,Fallow,0.14862346167200338,0.4002383326255909,0.20071499787677297,0.14028576798873307
210C_20210821,210C,20210821,Oat,Post,0.06874614212414644,0.41423851157746455,0.2427155347323936,0.1554611744136036
301A_20210821,301A,20210821,Oat,Post,0.1610422051618379,0.41425203421970636,0.24275610265911918,0.1735026959718447
301B_20210821,301B,20210821,Oat,Fallow,0.250889119825624,0.41345484124393667,0.24036452373181,0.17754621059531786
301C_20210821,301C,20210821,Oat,Under,0.25377047085374793,0.4087259335747459,0.22617780072423743,0.18358187039234117
302A_20210821,302A,20210821,Oat,Post,0.22948333397631265,0.4058227209281495,0.21746816278444955,0.15911173001464524
302B_20210821,302B,20210821,Oat,Fallow,0.34397665020639634,0.4206965464845964,0.2620896394537891,0.20708316464170134
302C_20210821,302C,20210821,Oat,Under,0.2226874445430346,0.413287438973778,0.23986231692133453,0.19360357123986902
303A_20210821,303A,20210821,Soy,Post,0.053443636433779564,0.4092413510935699,0.22772405328070938,0.16530095836990155
303B_20210821,303B,20210821,Soy,Fallow,0.11142871609891594,0.4140919409712329,0.2422758229136997,0.16956134252334557
303C_20210821,303C,20210821,Soy,Under,0.2929393638362717,0.41116282168916174,0.23348846506748652,0.209291621625627
304A_20210821,304A,20210821,Oat,Post,0.08779982928899348,0.39837602574651393,0.19512807723954165,0.13354879367169264
304B_20210821,304B,20210821,Oat,Fallow,0.14393373133752557,0.39112355665444565,0.17337066996333708,0.10166163605603902
304C_20210821,304C,20210821,Oat,Under,0.19080451178581073,0.3972742657953751,0.19182279738612615,0.15130547871681885
305A_20210821,305A,20210821,Oat,Post,0.05407415801859496,0.4033050929615113,0.2099152788845327,0.15516989716800245
305B_20210821,305B,20210821,Oat,Fallow,0.22397681898846494,0.4055089603477197,0.21652688104315937,0.1710488615431894
305C_20210821,305C,20210821,Oat,Under,0.1939999180201381,0.4089192298032634,0.2267576894097906,0.18429979086695134
306A_20210821,306A,20210821,Oat,Post,0.02382057501639597,0.3916525844231032,0.17495775326930915,0.1456497059322061
306B_20210821,306B,20210821,Oat,Fallow,0.03043200976042591,0.3990586044466386,0.19717581333991588,0.16368200879075484
306C_20210821,306C,20210821,Oat,Under,0.07276315535666063,0.4069622237346001,0.2208866712038002,0.1854912247914964
307A_20210821,307A,20210821,Oat,Post,0.05846068342270746,0.3972659019393006,0.19179770581790187,0.14966931433527036
307B_20210821,307B,20210821,Oat,Fallow,0.03758776667566838,0.3906639911082814,0.17199197332484412,0.13745881182904543
307C_20210821,307C,20210821,Oat,Under,0.11416358840322519,0.3908374386088254,0.17251231582647608,0.13526108121787814
308A_20210821,308A,20210821,Oat,Post,0.07215915666833841,0.392204155375461,0.17661246612638307,0.1350364095720564
308B_20210821,308B,20210821,Oat,Fallow,0.1585978791327495,0.39009434064488774,0.17028302193466263,0.14135629407936529
308C_20210821,308C,20210821,Oat,Under,0.10321204332394583,0.3839116515926273,0.15173495477788254,0.13056046816161426
309A_20210821,309A,20210821,Oat,Post,0.06309194282627985,0.39287704917940686,0.17863114753822062,0.1259395798962365
309B_20210821,309B,20210821,Oat,Fallow,0.13878949500405077,0.3900159695918529,0.17004790877555903,0.12762962945090697
309C_20210821,309C,20210821,Oat,Under,0.12431100748427916,0.3942487023843888,0.18274610715316703,0.14034270838130788
310A_20210821,310A,20210821,Oat,Post,0.039797606188032866,0.3836877757036527,0.1510633271109577,0.12639037858388516
310B_20210821,310B,20210821,Oat,Fallow,0.12584391034296516,0.3834816180748211,0.1504448542244631,0.12418370220141386
310C_20210821,310C,20210821,Oat,Under,0.1620585143320088,0.3885492247655229,0.1656476742965696,0.14572212467884577
401A_20210821,401A,20210821,Oat,Under,0.08687032232552756,0.37969827834009423,0.13909483502028197,0.1324088254334627
401B_20210821,401B,20210821,Oat,Fallow,0.02802204293815825,0.3890052385915754,0.16701571577472618,0.1495049517602276
401C_20210821,401C,20210821,Oat,Post,0.047016053585895605,0.3864620008023111,0.15938600240693324,0.13713717051358928
402A_20210821,402A,20210821,Oat,Under,0.17199194186181088,0.4053646192266199,0.2160938576798599,0.15179569455029313
402B_20210821,402B,20210821,Oat,Fallow,0.10163875332741792,0.4177608501879176,0.25328255056375376,0.15992618478472828
402C_20210821,402C,20210821,Oat,Post,0.02730230797422939,0.4057793506979661,0.2173380520938987,0.1830643808545564
403A_20210821,403A,20210821,Oat,Under,0.09993164326221982,0.38627215227981093,0.15881645683943285,0.11757798965818955
403B_20210821,403B,20210821,Oat,Fallow,0.028362621040854904,0.40775902739746533,0.22327708219239586,0.1877236114982581
403C_20210821,403C,20210821,Oat,Post,0.06299187917132827,0.4107089423809214,0.2321268271427655,0.17032095835784714
404A_20210821,404A,20210821,Soy,Under,0.15395757783264535,0.3999381781688455,0.1998145345065367,0.14928610763582106
404B_20210821,404B,20210821,Soy,Fallow,0.0958025105127117,0.4075713638387924,0.2227140915163768,0.1476384974632949
404C_20210821,404C,20210821,Soy,Post,0.044388478453763355,0.413996761115758,0.2419902833472741,0.17558273653297443
405A_20210821,405A,20210821,Oat,Under,0.16717562497588828,0.4097551044079268,0.22926531322378038,0.18291471681122423
405B_20210821,405B,20210821,Oat,Fallow,0.042364299216851205,0.41400203362065485,0.24200610086196445,0.16274049935406343
405C_20210821,405C,20210821,Oat,Post,0.04815111299718375,0.4250329760086675,0.2750989280260026,0.17552448288260156
406A_20210821,406A,20210821,Oat,Under,0.16457698391265768,0.3984472171957701,0.1953416515873104,0.1717776185737286
406B_20210821,406B,20210821,Oat,Fallow,0.04672550731067474,0.4057172752739963,0.21715182582198814,0.15910808648154662
406C_20210821,406C,20210821,Oat,Post,0.03410965047644767,0.40262093550076233,0.20786280650228675,0.13941792894152094
407A_20210821,407A,20210821,Oat,Under,0.21318079452953204,0.40366961310182675,0.21100883930548037,0.17134831532106018
407B_20210821,407B,20210821,Oat,Fallow,0.1459741859881949,0.4158798569246683,0.24763957077400475,0.18764331457900288
407C_20210821,407C,20210821,Oat,Post,0.12880362447436441,0.4156014524623728,0.24680435738711787,0.15023048689476223
408A_20210821,408A,20210821,Oat,Under,0.08936769414760233,0.4010007280027894,0.20300218400836853,0.16922102779994605
408B_20210821,408B,20210821,Oat,Fallow,0.04439571197098877,0.4183992812408578,0.25519784372257387,0.17129469203244313
408C_20210821,408C,20210821,Oat,Post,0.02364877898229235,0.41744088727896567,0.25232266183689694,0.19666735311250735
409A_20210821,409A,20210821,Oat,Under,0.2772757850777362,0.4259979365785993,0.27799380973579835,0.20212906965509508
409B_20210821,409B,20210821,Oat,Fallow,0.17328613865205816,0.4174520994194448,0.25235629825833417,0.17550580320643105
409C_20210821,409C,20210821,Oat,Post,0.15539222541568612,0.41999558068273546,0.25998674204820604,0.1830199968885552
410A_20210821,410A,20210821,Oat,Under,0.17624042764553838,0.40749646642827636,0.2224893992848292,0.15783415352497795
410B_20210821,410B,20210821,Oat,Fallow,0.22604681050113806,0.4179330891480302,0.2537992674440904,0.15797208172972765
410C_20210821,410C,20210821,Oat,Post,0.09167518614250994,0.4138533800315839,0.24156014009475144,0.15314090894620408
101A_20210909,101A,20210909,Oat,Fallow,0.21723457814127542,0.42731038988267117,0.2819311696480138,0.21498838947389695
101B_20210909,101B,20210909,Oat,Post,0.11854649704872497,0.4441904719931696,0.33257141597950857,0.3131561289410778
101C_20210909,101C,20210909,Oat,Under,0.42483170016588867,0.4611318342316705,0.3833955026950107,0.3826208370314607
102A_20210909,102A,20210909,Oat,Fallow,0.13862734365958104,0.43229217466945985,0.29687652400837933,0.22743311898893023
102B_20210909,102B,20210909,Oat,Post,0.09295612148451063,0.4284036536443596,0.2852109609330793,0.22538142513736265
102C_20210909,102C,20210909,Oat,Under,0.3251056093514911,0.45771740419692925,0.37315221259078735,0.3640211869441871
103A_20210909,103A,20210909,Oat,Fallow,0.19465394853593612,0.42536251895758675,0.2760875568727601,0.20925545870164047
103B_20210909,103B,20210909,Oat,Post,0.10275753732494888,0.4299389053593714,0.28981671607811293,0.23612349573568767
103C_20210909,103C,20210909,Oat,Under,0.27036476216195365,0.4475309400224208,0.3425928200672625,0.3170694834577841
104A_20210909,104A,20210909,Oat,Fallow,0.08610115832722504,0.42795823258752624,0.28387469776257795,0.20761441298631084
104B_20210909,104B,20210909,Oat,Post,0.07708337351954014,0.4327809839050409,0.29834295171512254,0.22982829876072858
104C_20210909,104C,20210909,Oat,Under,0.4222903244473593,0.46710060577882784,0.4013018173364834,0.4161798727109941
105A_20210909,105A,20210909,Oat,Fallow,0.08348624185023726,0.43614974710494087,0.3084492413148235,0.2460959672023428
105B_20210909,105B,20210909,Oat,Post,0.0749356216966938,0.43246130046551023,0.2973839013965315,0.21730820948350033
105C_20210909,105C,20210909,Oat,Under,0.41849996142124146,0.46562713308985143,0.3968813992695541,0.4066843810595724
106A_20210909,106A,20210909,Soy,Fallow,0.08356520774661472,0.41646740573164526,0.24940221719493597,0.2053951960777139
106B_20210909,106B,20210909,Soy,Post,0.10373406215038,0.42863809563990013,0.28591428691970044,0.24081682616507522
106C_20210909,106C,20210909,Soy,Under,0.2543817030592955,0.44188777661881795,0.32566332985645335,0.28559926885375697
107A_20210909,107A,20210909,Oat,Fallow,0.08369480826357008,0.42397480274555244,0.2719244082366577,0.19538301900561658
107B_20210909,107B,20210909,Oat,Post,0.14665956174530304,0.42415818387371806,0.27247455162115436,0.19684158762622914
107C_20210909,107C,20210909,Oat,Under,0.33151751957871994,0.44347759111608026,0.3304327733482405,0.2926168941002441
108A_20210909,108A,20210909,Oat,Fallow,0.16843305138690637,0.4212317823283672,0.2636953469851021,0.18341886156713075
108B_20210909,108B,20210909,Oat,Post,0.13897455248640098,0.41916627038227383,0.2574988111468215,0.1746714060484883
108C_20210909,108C,20210909,Oat,Under,0.3209336782917326,0.4474145627430956,0.34224368822928636,0.3141316722666024
109A_20210909,109A,20210909,Oat,Fallow,0.0722091884958142,0.4233255834167878,0.2699767502503633,0.19440678136806813
109B_20210909,109B,20210909,Oat,Post,0.14479572547355427,0.42013269150661126,0.2603980745198338,0.18358316756290755
109C_20210909,109C,20210909,Oat,Under,0.4333618253539601,0.44863023475588054,0.34589070426764207,0.32920594979914986
110A_20210909,110A,20210909,Oat,Fallow,0.0721386617028664,0.42206535049855703,0.266196051495671,0.19758206111558382
110B_20210909,110B,20210909,Oat,Post,0.1751578112341345,0.44264222469418546,0.3279266740825567,0.2907638010244319
110C_20210909,110C,20210909,Oat,Under,0.4056399733806566,0.4568527521743024,0.3705582565229068,0.3595867227592658
201A_20210909,201A,20210909,Oat,Under,0.4800698516646734,0.46536881216699955,0.39610643650099936,0.39055423558350055
201B_20210909,201B,20210909,Oat,Fallow,0.11124004185795301,0.44487100580839406,0.3346130174251811,0.3018847210505932
201C_20210909,201C,20210909,Oat,Post,0.12149716928359246,0.4323400441213666,0.29702013236410096,0.23332963249462185
202A_20210909,202A,20210909,Oat,Under,0.6578534296516338,0.47469286425991297,0.4240785927797392,0.4364896059176383
202B_20210909,202B,20210909,Oat,Fallow,0.09203203965896377,0.42880348100806953,0.28641044302420965,0.23123718100584545
202C_20210909,202C,20210909,Oat,Post,0.20922707457274026,0.44975481051497096,0.3492644315449114,0.32986787146401236
203A_20210909,203A,20210909,Soy,Under,0.36617752015740135,0.4484189886762832,0.34525696602884975,0.3040270509602248
203B_20210909,203B,20210909,Soy,Fallow,0.04255659021642683,0.43028706783778686,0.29086120351336003,0.21517707434263553
203C_20210909,203C,20210909,Soy,Post,0.07441721962887235,0.42485489161276313,0.27456467483828906,0.1916998795015549
204A_20210909,204A,20210909,Oat,Under,0.48946438216118204,0.455612487968687,0.3668374639060621,0.34410821306867645
204B_20210909,204B,20210909,Oat,Fallow,0.07618280062497589,0.4253739896322441,0.27612196889673163,0.17961600354542542
204C_20210909,204C,20210909,Oat,Post,0.14321037961498398,0.43120394187688854,0.2936118256306653,0.22657351965136374
205A_20210909,205A,20210909,Oat,Under,0.24722835731646156,0.43800097840003677,0.3140029352001097,0.26282729305888863
205B_20210909,205B,20210909,Oat,Fallow,0.13346442073994058,0.4279964935480526,0.28398948064415763,0.21179872673190145
205C_20210909,205C,20210909,Oat,Post,0.07084627329192547,0.42618033486760465,0.27854100460281384,0.1996242068189557
206A_20210909,206A,20210909,Oat,Under,0.5647809690984145,0.45580286537340087,0.3674085961202029,0.3591300481364292
206B_20210909,206B,20210909,Oat,Fallow,0.08420718240037035,0.42145642003413925,0.2643692601024177,0.1691947552159136
206C_20210909,206C,20210909,Oat,Post,0.08064829192546584,0.42527764020773823,0.2758329206232143,0.1973210928416519
207A_20210909,207A,20210909,Oat,Under,0.3464474991319779,0.44463184079203216,0.3338955223760964,0.3073512157553174
207B_20210909,207B,20210909,Oat,Fallow,0.13813003935033372,0.4206610630718986,0.2619831892156964,0.18657497008234114
207C_20210909,207C,20210909,Oat,Post,0.10232292349832182,0.4265763110925042,0.2797289332775124,0.20218699148213654
208A_20210909,208A,20210909,Oat,Under,0.34063235407584586,0.4544145641753233,0.36324369252597005,0.3502140609813238
208B_20210909,208B,20210909,Oat,Fallow,0.07097466822267659,0.4400614800510046,0.3201844401530143,0.2666724041081422
208C_20210909,208C,20210909,Oat,Post,0.12553528027468075,0.4296130246513289,0.28883907395398667,0.22287477786332763
209A_20210909,209A,20210909,Oat,Under,0.5121294028008179,0.4517808946548139,0.35534268396444196,0.3371821772632118
209B_20210909,209B,20210909,Oat,Fallow,0.471401686856217,0.43685918464984386,0.310577553949532,0.22553290961048694
209C_20210909,209C,20210909,Oat,Post,0.22445001157362757,0.4268216725907598,0.28046501777227917,0.19573476781921634
210A_20210909,210A,20210909,Oat,Under,0.395458797885884,0.4511438159972408,0.3534314479917219,0.34251093661707915
210B_20210909,210B,20210909,Oat,Fallow,0.13874187434898344,0.4186383487853961,0.25591504635618806,0.16751031161986044
210C_20210909,210C,20210909,Oat,Post,0.08009975020253848,0.4229357223374357,0.268807167012307,0.2069218228586018
301A_20210909,301A,20210909,Oat,Post,0.1522028471123799,0.44027394534005754,0.32082183602017245,0.27580718449228026
301B_20210909,301B,20210909,Oat,Fallow,0.13073678195285676,0.4297343622078833,0.28920308662365013,0.2118078199035639
301C_20210909,301C,20210909,Oat,Under,0.5367263753327418,0.4675703189457836,0.40271095683735064,0.40890123681333934
302A_20210909,302A,20210909,Oat,Post,0.1174873895683037,0.43860615464647146,0.3158184639394143,0.2636027072010543
302B_20210909,302B,20210909,Oat,Fallow,0.08423611646927202,0.4180809662634067,0.25424289879021883,0.1732119216535055
302C_20210909,302C,20210909,Oat,Under,0.5065553749855329,0.4693867069635698,0.4081601208907097,0.41717887491884575
303A_20210909,303A,20210909,Soy,Post,0.09892196481617221,0.4270909627925057,0.28127288837751707,0.219712835730176
303B_20210909,303B,20210909,Soy,Fallow,0.23419898441418155,0.4344987871737453,0.30349636152123544,0.2657171761195116
303C_20210909,303C,20210909,Soy,Under,0.5152193202422746,0.46825629506015515,0.4047688851804661,0.41070598493744687
304A_20210909,304A,20210909,Oat,Post,0.12873671444002932,0.4446709157634632,0.33401274729038916,0.28355438418252144
304B_20210909,304B,20210909,Oat,Fallow,0.13990526503607115,0.4349347199202644,0.30480415976079234,0.2448894836872085
304C_20210909,304C,20210909,Oat,Under,0.47942667142471357,0.4671385694222896,0.4014157082668683,0.40749482696850914
305A_20210909,305A,20210909,Oat,Post,0.11371691871455576,0.447404229783599,0.34221268935079635,0.2969787747509842
305B_20210909,305B,20210909,Oat,Fallow,0.10549421800856448,0.4428992510854541,0.328697753256362,0.28089808313417247
305C_20210909,305C,20210909,Oat,Under,0.48164374445430347,0.4873837428513012,0.4621512285539033,0.5031903755938436
306A_20210909,306A,20210909,Oat,Post,0.05959333166158713,0.4378093676867321,0.31342810306019653,0.2492066072730185
306B_20210909,306B,20210909,Oat,Fallow,0.07841132672350604,0.43770746881952693,0.31312240645858064,0.2528042356675765
306C_20210909,306C,20210909,Oat,Under,0.38710770224914165,0.4596361395302415,0.37890841859072355,0.3771109635711186
307A_20210909,307A,20210909,Oat,Post,0.09722691061301647,0.4339146850599393,0.3017440551798178,0.22902666048054907
307B_20210909,307B,20210909,Oat,Fallow,0.09937586802206705,0.432084374508684,0.29625312352605243,0.26042741642548367
307C_20210909,307C,20210909,Oat,Under,0.3438229379653563,0.4691640887232901,0.4074922661698703,0.4168180806162638
308A_20210909,308A,20210909,Oat,Post,0.07197590756529455,0.4247675440468966,0.27430263214068945,0.19851419510545878
308B_20210909,308B,20210909,Oat,Fallow,0.17020285193472473,0.4191159466939674,0.25734784008190253,0.18342654261925567
308C_20210909,308C,20210909,Oat,Under,0.26225840052467114,0.446184635995227,0.3385539079856803,0.3166149914461028
309A_20210909,309A,20210909,Oat,Post,0.09156487500482234,0.4239579247061596,0.2718737741184791,0.1923445504059772
309B_20210909,309B,20210909,Oat,Fallow,0.18405684580070214,0.4202058111282607,0.2606174333847823,0.16455791032211714
309C_20210909,309C,20210909,Oat,Under,0.40513422996797965,0.4512340377134764,0.35370211314042854,0.324878036477387
310A_20210909,310A,20210909,Oat,Post,0.10783486362408858,0.4284142487004974,0.285242746101492,0.20374846640914357
310B_20210909,310B,20210909,Oat,Fallow,0.15288038655916053,0.42281912566678065,0.26845737700034183,0.17794647429701058
310C_20210909,310C,20210909,Oat,Under,0.4139434483623317,0.4541871772288571,0.36256153168657107,0.3608373932346161
401A_20210909,401A,20210909,Oat,Under,0.6296113672312025,0.4688352810568626,0.406505843170588,0.4236521538799237
401B_20210909,401B,20210909,Oat,Fallow,0.08303233864434242,0.43640252237140315,0.3092075671142092,0.23803104410127623
401C_20210909,401C,20210909,Oat,Post,0.06635486188804444,0.42623582161655243,0.27870746484965636,0.22308029709135124
402A_20210909,402A,20210909,Oat,Under,0.636981718490799,0.47389863297311513,0.421695898919344,0.4383471675457381
402B_20210909,402B,20210909,Oat,Fallow,0.09181382855599707,0.4448854847135633,0.3346564541406901,0.29455099191939205
402C_20210909,402C,20210909,Oat,Post,0.07454862852513407,0.4341597886029183,0.3024793658087547,0.23699154172315212
403A_20210909,403A,20210909,Oat,Under,0.5288165242467497,0.4697428310045087,0.4092284930135254,0.4208592197936543
403B_20210909,403B,20210909,Oat,Fallow,0.05021447378573358,0.4629801532050085,0.38894045961502455,0.3851069960173854
403C_20210909,403C,20210909,Oat,Post,0.09333166158713013,0.43093140251782447,0.2927942075534728,0.22699551187111588
404A_20210909,404A,20210909,Soy,Under,0.4091072393040392,0.45092721960209825,0.3527816588062944,0.3169249412125272
404B_20210909,404B,20210909,Soy,Fallow,0.03318918540951352,0.4199582053934007,0.2598746161802017,0.19136988800824586
404C_20210909,404C,20210909,Soy,Post,0.07449196597353497,0.4313181872567149,0.29395456177014456,0.23609737975199208
405A_20210909,405A,20210909,Oat,Under,0.6944574379846457,0.46760636039488457,0.40281908118465426,0.4163538118813177
405B_20210909,405B,20210909,Oat,Fallow,0.06001287566066124,0.42823325379093535,0.2846997613728053,0.24850657106034973
405C_20210909,405C,20210909,Oat,Post,0.13735484742100998,0.435292480488401,0.30587744146520257,0.2662740016745665
406A_20210909,406A,20210909,Oat,Under,0.4193366382469812,0.46680085200340804,0.4004025560102226,0.3897235827606749
406B_20210909,406B,20210909,Oat,Fallow,0.1688164277998534,0.4532216726463767,0.3596650179391298,0.34897821789404027
406C_20210909,406C,20210909,Oat,Post,0.08843517321862582,0.42452920712883513,0.27358762138650544,0.20317403314914187
407A_20210909,407A,20210909,Oat,Under,0.5741616353535743,0.4548471128989314,0.36454133869679417,0.351836837509862
407B_20210909,407B,20210909,Oat,Fallow,0.10989219648161722,0.43241156334744013,0.2972346900423208,0.234812445179322
407C_20210909,407C,20210909,Oat,Post,0.11220812757995448,0.4286294682138991,0.2858884046416964,0.23338708856560575
408A_20210909,408A,20210909,Oat,Under,0.4653351770765017,0.4577309122078154,0.3731927366234459,0.3619138421416186
408B_20210909,408B,20210909,Oat,Fallow,0.17230659986111646,0.43871163058478146,0.31613489175434406,0.2798704307779603
408C_20210909,408C,20210909,Oat,Post,0.12245078797114309,0.43437914004789047,0.303137420143671,0.25685432433821487
409A_20210909,409A,20210909,Oat,Under,0.5815910603371783,0.45555175064870973,0.3666552519461296,0.35405550736429203
409B_20210909,409B,20210909,Oat,Fallow,0.11563380077929092,0.41572940791165497,0.24718822373496374,0.1632004377686692
409C_20210909,409C,20210909,Oat,Post,0.07580123259133521,0.42280659604654375,0.26841978813963185,0.18221812718839758
410A_20210909,410A,20210909,Oat,Under,0.3892470149685583,0.4516860157013519,0.3550580471040559,0.3471854405978323
410B_20210909,410B,20210909,Oat,Fallow,0.0792118359631187,0.42668234806940686,0.2800470442082202,0.21873273045225042
410C_20210909,410C,20210909,Oat,Post,0.058172548319895066,0.429347284572646,0.28804185371793833,0.22216904406936658
101A_20210929,101A,20210929,Oat,Fallow,0.03175272944716639,0.40030312406393687,0.2009093721918101,0.12488851841536859
101B_20210929,101B,20210929,Oat,Post,0.13916382952046602,0.41649954714588294,0.24949864143764855,0.20301245761093015
101C_20210929,101C,20210929,Oat,Under,0.6523505314223988,0.44332923459965556,0.32998770379896647,0.3251568476019018
102A_20210929,102A,20210929,Oat,Fallow,0.05600852108329154,0.3969188918472787,0.1907566755418358,0.10888407067344755
102B_20210929,102B,20210929,Oat,Post,0.21559920045522935,0.4244590776736224,0.27337723302086625,0.21838210283940535
102C_20210929,102C,20210929,Oat,Under,0.7346625323097102,0.45681045870032355,0.3704313761009708,0.37690418351487137
103A_20210929,103A,20210929,Oat,Fallow,0.03775895991666988,0.39688500588109604,0.19065501764328893,0.10545141798795132
103B_20210929,103B,20210929,Oat,Post,0.150179873461672,0.41668844864268145,0.25006534592804563,0.19925121124381018
103C_20210929,103C,20210929,Oat,Under,0.5976669495775626,0.444967948570229,0.3349038457106879,0.3353973883152921
104A_20210929,104A,20210929,Oat,Fallow,0.0692374185023726,0.39731427337811537,0.19194282013434627,0.11643457335600492
104B_20210929,104B,20210929,Oat,Post,0.2125659455653717,0.41846472954669717,0.2553941886400921,0.21009092416465522
104C_20210929,104C,20210929,Oat,Under,0.7593927221172023,0.46564619374727567,0.3969385812418265,0.4208502323053903
105A_20210929,105A,20210929,Oat,Fallow,0.018523832028085337,0.40044725045403007,0.20134175136208968,0.13223903072566948
105B_20210929,105B,20210929,Oat,Post,0.19191787064542262,0.41278822893966177,0.23836468681898546,0.18130359535714768
105C_20210929,105C,20210929,Oat,Under,0.7873291684348598,0.45761129005932366,0.3728338701779716,0.3895165230664012
106A_20210929,106A,20210929,Soy,Fallow,0.02742708614636781,0.3970874159713249,0.1912622479139749,0.11031892183002252
106B_20210929,106B,20210929,Soy,Post,0.19925567107750472,0.4128088556548344,0.23842656696450282,0.2010303515604664
106C_20210929,106C,20210929,Soy,Under,0.6013705103969754,0.44940225787396165,0.348206773621885,0.3617393421896498
107A_20210929,107A,20210929,Oat,Fallow,0.06292135237838047,0.40075085164901475,0.20225255494704378,0.14622870195311632
107B_20210929,107B,20210929,Oat,Post,0.21527369218008566,0.414391035494092,0.2431731064822752,0.19072646257719994
107C_20210929,107C,20210929,Oat,Under,0.5969454062343273,0.4415621652778208,0.32468649583346243,0.32009138307697615
108A_20210929,108A,20210929,Oat,Fallow,0.06121725627869295,0.4033020948910169,0.2099062846730502,0.12174599077915962
108B_20210929,108B,20210929,Oat,Post,0.2536896965780641,0.4305028793904198,0.29150863817125966,0.2431496427347992
108C_20210929,108C,20210929,Oat,Under,0.5243251128428688,0.4310097725736277,0.2930293177208833,0.27085037671362905
109A_20210929,109A,20210929,Oat,Fallow,0.02583752073608271,0.4020126732238204,0.20603801967146035,0.11761431795612866
109B_20210929,109B,20210929,Oat,Post,0.15921935882103314,0.41636249703521544,0.24908749110564665,0.19726160659954903
109C_20210929,109C,20210929,Oat,Under,0.7055843958566413,0.44631825917345325,0.33895477752035946,0.3427240817079799
110A_20210929,110A,20210929,Oat,Fallow,0.049661109717989274,0.41727260251980736,0.25181780755942146,0.207987711165698
110B_20210929,110B,20210929,Oat,Post,0.14730756433007985,0.41605092845174996,0.2481527853552498,0.20019326682309074
110C_20210929,110C,20210929,Oat,Under,0.7136154083561591,0.44809084997804244,0.34427254993412676,0.3521950752627431
201A_20210929,201A,20210929,Oat,Under,0.7633783901084064,0.45909819911681526,0.37729459735044585,0.3952849934819259
201B_20210929,201B,20210929,Oat,Fallow,0.18160046390957138,0.4157253558084029,0.24717606742520878,0.20332632736868647
201C_20210929,201C,20210929,Oat,Post,0.17544232957833417,0.416110801492691,0.2483324044780733,0.21581943892362515
202A_20210929,202A,20210929,Oat,Under,0.6076039938659774,0.4435333085866079,0.33059992575982405,0.32354924377185923
202B_20210929,202B,20210929,Oat,Fallow,0.01852564040739169,0.3979908380716624,0.19397251421498746,0.1357233708772684
202C_20210929,202C,20210929,Oat,Post,0.27467774680760776,0.43474960728073847,0.3042488218422154,0.2868568668289696
203A_20210929,203A,20210929,Soy,Under,0.874954187724239,0.4654078505729411,0.3962235517188222,0.42811506382618947
203B_20210929,203B,20210929,Soy,Fallow,0.04029189653176961,0.40901180221523264,0.2270354066456989,0.17388763157046702
203C_20210929,203C,20210929,Soy,Post,0.3790121908876972,0.43273677509713876,0.29821032529141617,0.2675162908870256
204A_20210929,204A,20210929,Oat,Under,0.7728573116392115,0.4597418389122991,0.3792255167368973,0.37900435322340564
204B_20210929,204B,20210929,Oat,Fallow,0.09637697233903013,0.4314310278491268,0.29429308354738043,0.2418263199626452
204C_20210929,204C,20210929,Oat,Post,0.18339618456078083,0.4248392926023779,0.27451787780713327,0.22477107784822753
205A_20210929,205A,20210929,Oat,Under,0.7148396811465607,0.4627311385843534,0.38819341575306004,0.38619081677710015
205B_20210929,205B,20210929,Oat,Fallow,0.029937116623587053,0.4185755952369972,0.2557267857109921,0.1929654544530463
205C_20210929,205C,20210929,Oat,Post,0.311498760657382,0.4389629301268611,0.31688879038058265,0.2879787411330953
206A_20210929,206A,20210929,Oat,Under,0.8977596591566683,0.4973844354820761,0.49215330644622785,0.53750011688251
206B_20210929,206B,20210929,Oat,Fallow,0.06522944716639019,0.425307184198738,0.2759215525962138,0.2105681950972404
206C_20210929,206C,20210929,Oat,Post,0.26918931561282355,0.42656219570226367,0.2796865871067908,0.22384259214381969
207A_20210929,207A,20210929,Oat,Under,0.7219863961652714,0.4739678410010737,0.4219035230032222,0.43713318201327117
207B_20210929,207B,20210929,Oat,Fallow,0.06440603178889703,0.43235031012726244,0.2970509303817877,0.238692396936324
207C_20210929,207C,20210929,Oat,Post,0.21952217796381313,0.4354479417903965,0.3063438253711897,0.25240637464731946
208A_20210929,208A,20210929,Oat,Under,0.8305946433393774,0.4906229074413601,0.4718687223240809,0.5111675489818771
208B_20210929,208B,20210929,Oat,Fallow,0.14003667393233285,0.42387379409672093,0.2716213822901633,0.2080747927845795
208C_20210929,208C,20210929,Oat,Post,0.271480532193974,0.4323366706242343,0.29701001187270415,0.2561361611978102
209A_20210929,209A,20210929,Oat,Under,0.7778104625593149,0.48290773568573986,0.4487232070572192,0.4909450335265743
209B_20210929,209B,20210929,Oat,Fallow,0.13285198294818873,0.4283975810519284,0.2851927431557856,0.2353058793765503
209C_20210929,209C,20210929,Oat,Post,0.3005429960263879,0.4465830240645227,0.3397490721935681,0.31155277418802196
210A_20210929,210A,20210929,Oat,Under,0.9233837911346013,0.4752316607910849,0.42569498237325476,0.4650199720445941
210B_20210929,210B,20210929,Oat,Fallow,0.07981462906523668,0.4084724121257942,0.22541723637738334,0.14803316901178665
210C_20210929,210C,20210929,Oat,Post,0.21312111801242237,0.42971622034117535,0.28914866102352677,0.24724838800077223
301A_20210929,301A,20210929,Oat,Post,0.24951475155279504,0.43505541210179066,0.30516623630537104,0.2645252901476591
301B_20210929,301B,20210929,Oat,Fallow,0.03414521526947263,0.403532320789364,0.21059696236809133,0.12534449071224205
301C_20210929,301C,20210929,Oat,Under,0.31411849947918674,0.4406078073087755,0.32182342192632646,0.289342307239182
302A_20210929,302A,20210929,Oat,Post,0.30471854384475905,0.4309736332744194,0.2929208998232573,0.2598565860256528
302B_20210929,302B,20210929,Oat,Fallow,0.09864226881678947,0.4277297366174563,0.2831892098523681,0.22202447237933293
302C_20210929,302C,20210929,Oat,Under,0.7433885652559701,0.458252743745218,0.3747582312356538,0.3840875805866741
303A_20210929,303A,20210929,Soy,Post,0.16326470332934687,0.41111064253532537,0.2333319276059761,0.1932846232408203
303B_20210929,303B,20210929,Soy,Fallow,0.12195107248948729,0.3970372727238618,0.1911118181715855,0.11289105589683568
303C_20210929,303C,20210929,Soy,Under,0.6772513116777902,0.44875098835905536,0.34625296507716546,0.3601354804997372
304A_20210929,304A,20210929,Oat,Post,0.2637472994869025,0.4269712945492407,0.28091388364772163,0.24806892789646603
304B_20210929,304B,20210929,Oat,Fallow,0.10555811407738899,0.4155187481395927,0.24655624441877894,0.19220246854585268
304C_20210929,304C,20210929,Oat,Under,0.5533116247444158,0.4447458867455433,0.3342376602366293,0.3279565955720752
305A_20210929,305A,20210929,Oat,Post,0.20629569171714054,0.4188907953344478,0.25667238600334413,0.21242863303399054
305B_20210929,305B,20210929,Oat,Fallow,0.08796439180587169,0.4146284188387648,0.24388525651629472,0.19502023176948477
305C_20210929,305C,20210929,Oat,Under,0.8003639664750588,0.45757574196408163,0.372727225892244,0.39805930549571494
306A_20210929,306A,20210929,Oat,Post,0.18824384668801358,0.4213753024226008,0.2641259072678034,0.230703497992757
306B_20210929,306B,20210929,Oat,Fallow,0.06923681570927047,0.421995233878532,0.2659857016355965,0.2154148605701339
306C_20210929,306C,20210929,Oat,Under,0.5276501195941514,0.4498191264595837,0.34945737937875154,0.35764658835750907
307A_20210929,307A,20210929,Oat,Post,0.172314436171444,0.42283892876049717,0.26851678628149084,0.23145036326387758
307B_20210929,307B,20210929,Oat,Fallow,0.04786237510126924,0.412799031548568,0.23839709464570358,0.19745117552837724
307C_20210929,307C,20210929,Oat,Under,0.8490304675745535,0.4624796241961653,0.38743887258849663,0.419624639149451
308A_20210929,308A,20210929,Oat,Post,0.23944509278191428,0.4289675825675838,0.2869027477027514,0.24627946757353997
308B_20210929,308B,20210929,Oat,Fallow,0.07941196327302187,0.40101215478403646,0.20303646435211004,0.12461238319929391
308C_20210929,308C,20210929,Oat,Under,0.6750149492689326,0.4483960650887163,0.3451881952661495,0.3512275392124269
309A_20210929,309A,20210929,Oat,Post,0.30505731356814936,0.4300140135640247,0.29004204069207423,0.260746315062598
309B_20210929,309B,20210929,Oat,Fallow,0.07338403225184213,0.40543799207875875,0.21631397623627613,0.15867600273881166
309C_20210929,309C,20210929,Oat,Under,0.6830622371822075,0.4468771875336575,0.34063156260097166,0.3445569318285095
310A_20210929,310A,20210929,Oat,Post,0.1949860875352031,0.4227834294804223,0.26835028844126596,0.2246815326921732
310B_20210929,310B,20210929,Oat,Fallow,0.04950980864935766,0.41057459206740676,0.23172377620222076,0.1737592200169315
310C_20210929,310C,20210929,Oat,Under,0.42979931812044286,0.443041808463687,0.32912542539106077,0.3275824490544115
401A_20210929,401A,20210929,Oat,Under,0.837710013116778,0.46469754161156385,0.39409262483469176,0.41587421472516156
401B_20210929,401B,20210929,Oat,Fallow,0.14546542861000733,0.42128392526149383,0.2638517757844814,0.21693811096029664
401C_20210929,401C,20210929,Oat,Post,0.14188483758342657,0.4170161385439088,0.2510484156317261,0.20159603654903635
402A_20210929,402A,20210929,Oat,Under,0.7741870732224837,0.4548443635543413,0.36453309066302414,0.3817360216355171
402B_20210929,402B,20210929,Oat,Fallow,0.09349984086262104,0.42311863998424454,0.2693559199527338,0.2359598849433012
402C_20210929,402C,20210929,Oat,Post,0.18796113672312026,0.417786796587406,0.2533603897622178,0.21305825779859847
403A_20210929,403A,20210929,Oat,Under,0.7211244020292427,0.45117259510549973,0.3535177853164993,0.3663570983305647
403B_20210929,403B,20210929,Oat,Fallow,0.0839636539871147,0.39744079366225543,0.19232238098676602,0.13452957849344924
403C_20210929,403C,20210929,Oat,Post,0.21140918560240732,0.41717554570957643,0.25152663712872975,0.2031617665875317
404A_20210929,404A,20210929,Soy,Under,0.72184654816558,0.46435104701188074,0.39305314103564193,0.41168140706401285
404B_20210929,404B,20210929,Soy,Fallow,0.2016770909687126,0.4209500914328902,0.2628502742986711,0.2231660468316477
404C_20210929,404C,20210929,Soy,Post,0.21206140773889895,0.4196636289129779,0.25899088673893234,0.22039390277127507
405A_20210929,405A,20210929,Oat,Under,0.5861077890513483,0.4503606635799902,0.351081990739971,0.34200832396813563
405B_20210929,405B,20210929,Oat,Fallow,0.21768305620925119,0.4142085803652762,0.24262574109582838,0.22010609491020242
405C_20210929,405C,20210929,Oat,Post,0.1425436904440415,0.4168707203869893,0.25061216116096763,0.20907542506369195
406A_20210929,406A,20210929,Oat,Under,0.7988184049612284,0.48484943137601483,0.4545482941280456,0.47960260948885414
406B_20210929,406B,20210929,Oat,Fallow,0.10184189460283168,0.4366497395051817,0.3099492185155441,0.25808280915724174
406C_20210929,406C,20210929,Oat,Post,0.527382479456811,0.4421693257176794,0.32650797715303836,0.31401041755127324
407A_20210929,407A,20210929,Oat,Under,0.6406792513791906,0.48237405753271057,0.447122172598132,0.4665066026739907
407B_20210929,407B,20210929,Oat,Fallow,0.16211939643532272,0.43659754059605665,0.3097926217881702,0.2756578841391214
407C_20210929,407C,20210929,Oat,Post,0.24171400601828633,0.43533447555144156,0.3060034266543244,0.26209653843538405
408A_20210929,408A,20210929,Oat,Under,0.7316473612129162,0.4744810926186487,0.42344327785594604,0.43895941553785456
408B_20210929,408B,20210929,Oat,Fallow,0.06723373423093244,0.4295553304610263,0.28866599138307925,0.21692309829137182
408C_20210929,408C,20210929,Oat,Post,0.2935186480074071,0.43637129190316076,0.30911387570948134,0.27097742005342473
409A_20210929,409A,20210929,Oat,Under,0.8171409040932063,0.47574671944586955,0.4272401583376083,0.45629760127751745
409B_20210929,409B,20210929,Oat,Fallow,0.1876181474480151,0.4345549271656058,0.30366478149681714,0.27555427814689537
409C_20210929,409C,20210929,Oat,Post,0.3315573039234597,0.43586109256310035,0.30758327768930155,0.2747011554724851
410A_20210929,410A,20210929,Oat,Under,0.7623771507657884,0.4515652581244144,0.35469577437324323,0.34770146671802277
410B_20210929,410B,20210929,Oat,Fallow,0.08079175668376992,0.42256429785315447,0.26769289355946363,0.20671788847941375
410C_20210929,410C,20210929,Oat,Post,0.18549269896994713,0.4352533885191042,0.3057601655573128,0.2774394888031452
101A_20211005,101A,20211005,Oat,Fallow,0.15488286524439643,0.4535201326318333,0.36056039789550004,0.3082347991596817
101B_20211005,101B,20211005,Oat,Post,0.3982081372246441,0.47554263668922886,0.42662791006768674,0.42809888212613756
101C_20211005,101C,20211005,Oat,Under,0.7241654932294279,0.4976678201678861,0.4930034605036579,0.5499324491257498
102A_20211005,102A,20211005,Oat,Fallow,0.12260871976389799,0.45132001824043033,0.35396005472129083,0.3077259136131749
102B_20211005,102B,20211005,Oat,Post,0.2974325836194591,0.46683012295529136,0.40049036886587447,0.3901485314134171
102C_20211005,102C,20211005,Oat,Under,0.7618683933876008,0.5083141400221527,0.5249424200664587,0.6032882136479648
103A_20211005,103A,20211005,Oat,Fallow,0.2601052235639057,0.450140046739592,0.35042014021877577,0.3135491789662816
103B_20211005,103B,20211005,Oat,Post,0.3660394805370163,0.4683613683024676,0.40508410490740354,0.40749549300065774
103C_20211005,103C,20211005,Oat,Under,0.8107916843485976,0.49695248328397623,0.49085744985192964,0.5508534183017734
104A_20211005,104A,20211005,Oat,Fallow,0.2090408115041858,0.47352552439127826,0.4205765731738344,0.4219282685839421
104B_20211005,104B,20211005,Oat,Post,0.3432478733459357,0.46999647314722837,0.40998941944168565,0.4035528211652062
104C_20211005,104C,20211005,Oat,Under,0.7570659407430269,0.4958353432035797,0.4875060296107399,0.5393641042047237
105A_20211005,105A,20211005,Oat,Fallow,0.2119727971528876,0.4655546833941011,0.3966640501823042,0.4051409918352792
105B_20211005,105B,20211005,Oat,Post,0.22232396030245746,0.4636096047589856,0.3908288142769568,0.3734020019504952
105C_20211005,105C,20211005,Oat,Under,0.8965860209868446,0.5090413352599343,0.5271240057798036,0.6214929697237757
106A_20211005,106A,20211005,Soy,Fallow,0.08323367154044983,0.4415371659344306,0.3246114978032916,0.3242123566197444
106B_20211005,106B,20211005,Soy,Post,0.32720393213996374,0.45564022561424444,0.3669206768427334,0.37975147832151107
106C_20211005,106C,20211005,Soy,Under,0.7892339946375526,0.49823989997918217,0.4947196999375466,0.5708698074948916
107A_20211005,107A,20211005,Oat,Fallow,0.04827408279001582,0.4451920152130087,0.3355760456390272,0.2946604697334501
107B_20211005,107B,20211005,Oat,Post,0.2916198497357355,0.45795334041040403,0.373860021231212,0.3597831678030515
107C_20211005,107C,20211005,Oat,Under,0.5872217507040624,0.4807118016438007,0.44213540493140185,0.4691088429769633
108A_20211005,108A,20211005,Oat,Fallow,0.05137304212800432,0.4497758715155539,0.3493276145466625,0.31638222978133784
108B_20211005,108B,20211005,Oat,Post,0.23185050248832992,0.4631437836026506,0.38943135080795305,0.3746385544634818
108C_20211005,108C,20211005,Oat,Under,0.5044594633694688,0.4803872840168533,0.44116185205055986,0.4670923743500543
109A_20211005,109A,20211005,Oat,Fallow,0.08701860942864859,0.4529504484659931,0.3588513453979787,0.3452151699525983
109B_20211005,109B,20211005,Oat,Post,0.37190887697233904,0.4773759752816175,0.43212792584485166,0.4364887062700961
109C_20211005,109C,20211005,Oat,Under,0.9074839174800355,0.5120926735751055,0.5362780207253165,0.6140061689032968
110A_20211005,110A,20211005,Oat,Fallow,0.09526903861733729,0.4557447017889199,0.3672341053667581,0.3393706827595516
110B_20211005,110B,20211005,Oat,Post,0.4276798975733961,0.4745885856652359,0.4237657569957081,0.4275413397686079
110C_20211005,110C,20211005,Oat,Under,0.9165408838393581,0.5183684730420227,0.5551054191260669,0.6577316188868596
201A_20211005,201A,20211005,Oat,Under,0.7401859255044173,0.4961918716983848,0.48857561509515474,0.5450366508747225
201B_20211005,201B,20211005,Oat,Fallow,0.11433478164422668,0.45699604305595276,0.37098812916785817,0.35496949496969615
201C_20211005,201C,20211005,Oat,Post,0.3478996277149801,0.46307778512981496,0.38923335538944515,0.37782523662062756
202A_20211005,202A,20211005,Oat,Under,0.8731536447282127,0.5183153352195118,0.5549460056585358,0.6488220155051526
202B_20211005,202B,20211005,Oat,Fallow,0.14686752536553374,0.4610486907712215,0.3831460723136638,0.36505117410257837
202C_20211005,202C,20211005,Oat,Post,0.3921343939277034,0.47030747520012006,0.4109224256003606,0.41364340630667523
203A_20211005,203A,20211005,Soy,Under,0.6436172649589136,0.49412670892699856,0.48238012678099573,0.5407140525529811
203B_20211005,203B,20211005,Soy,Fallow,0.07729254272597508,0.44564888970640626,0.33694666911921856,0.32525331841408
203C_20211005,203C,20211005,Soy,Post,0.2061401710967941,0.46119009938817057,0.3835702981645117,0.37970816504190746
204A_20211005,204A,20211005,Oat,Under,0.8737817551406196,0.5191167858490684,0.5573503575472037,0.632332954855514
204B_20211005,204B,20211005,Oat,Fallow,0.09632272095983951,0.4457457776670872,0.33723733300126196,0.2991929552460713
204C_20211005,204C,20211005,Oat,Post,0.3368034122911925,0.4719554257235373,0.4158662771706117,0.4096230347602212
205A_20211005,205A,20211005,Oat,Under,0.548740041857953,0.48280093432202836,0.4484028029660858,0.4662502664402515
205B_20211005,205B,20211005,Oat,Fallow,0.11744881080976814,0.4621330695486899,0.3863992086460701,0.3583043848114519
205C_20211005,205C,20211005,Oat,Post,0.30559922456695343,0.4720960393192147,0.41628811795764387,0.4304588728245763
206A_20211005,206A,20211005,Oat,Under,0.8148888690636935,0.5137835575553054,0.5413506726659169,0.6162459133212421
206B_20211005,206B,20211005,Oat,Fallow,0.13826747617761662,0.45726666258388843,0.3717999877516666,0.36442590075657805
206C_20211005,206C,20211005,Oat,Post,0.297058851896146,0.47013207489090325,0.41039622467271053,0.4045693877648672
207A_20211005,207A,20211005,Oat,Under,0.7685708498900505,0.5045599063331522,0.5136797189994564,0.5753441265238979
207B_20211005,207B,20211005,Oat,Fallow,0.07473971393850545,0.4364548448660985,0.3093645345982953,0.2735237451280858
207C_20211005,207C,20211005,Oat,Post,0.24440849118475366,0.4673182824365527,0.4019548473096575,0.4002878650648529
208A_20211005,208A,20211005,Oat,Under,0.8737323261062458,0.5167182309126136,0.5501546927378399,0.6470557434702633
208B_20211005,208B,20211005,Oat,Fallow,0.273508930982601,0.46685972173384177,0.40057916520152487,0.41483443844015716
208C_20211005,208C,20211005,Oat,Post,0.36718719860344895,0.4722353251206524,0.4167059753619568,0.42032093658397346
209A_20211005,209A,20211005,Oat,Under,0.8974588653987114,0.5078689547245413,0.5236068641736232,0.6079391476053896
209B_20211005,209B,20211005,Oat,Fallow,0.16490852011882257,0.44745278963191076,0.3423583688957318,0.27828559674121606
209C_20211005,209C,20211005,Oat,Post,0.2883298049843756,0.4669281781169429,0.40078453435082895,0.375668943737472
210A_20211005,210A,20211005,Oat,Under,0.894605242853285,0.5065680009626171,0.5197040028878511,0.6061934700358108
210B_20211005,210B,20211005,Oat,Fallow,0.1008732060877281,0.4459584307921778,0.33787529237653385,0.31229025952032163
210C_20211005,210C,20211005,Oat,Post,0.32149367308360016,0.46698255689920537,0.4009476706976163,0.41240415643518646
301A_20211005,301A,20211005,Oat,Post,0.3863982147679488,0.4813429580656687,0.4440288741970056,0.4638535001931676
301B_20211005,301B,20211005,Oat,Fallow,0.06239812796574206,0.45087680300711575,0.3526304090213464,0.3144437421061343
301C_20211005,301C,20211005,Oat,Under,0.7879729514679218,0.49958486147337733,0.49875458442013254,0.5554684276021742
302A_20211005,302A,20211005,Oat,Post,0.29642049400100307,0.46769258696515836,0.40307776089547553,0.39681867091535156
302B_20211005,302B,20211005,Oat,Fallow,0.15122692508005092,0.47000015002520856,0.4100004500756257,0.4203635919062883
302C_20211005,302C,20211005,Oat,Under,0.8997790160487635,0.5173224252781392,0.5519672758344174,0.6464144266258617
303A_20211005,303A,20211005,Soy,Post,0.3222260667026735,0.47709631649968653,0.4312889494990596,0.45050827461754744
303B_20211005,303B,20211005,Soy,Fallow,0.21792839300181321,0.4458290903364005,0.3374872710092025,0.31258147421130894
303C_20211005,303C,20211005,Soy,Under,0.9115907468847653,0.5164788558934064,0.5494365676802184,0.6539368032989537
304A_20211005,304A,20211005,Oat,Post,0.350852108329154,0.47277959383717666,0.4183387815115295,0.42324411048939153
304B_20211005,304B,20211005,Oat,Fallow,0.11503100767717295,0.45797175474547025,0.373915264236411,0.34929720911621176
304C_20211005,304C,20211005,Oat,Under,0.8524067117395162,0.5108364384865384,0.5325093154596154,0.6081116030192496
305A_20211005,305A,20211005,Oat,Post,0.35718324428069903,0.47201873405381983,0.4160562021614607,0.4137468931303733
305B_20211005,305B,20211005,Oat,Fallow,0.07995327147872382,0.4522297118259421,0.35668913547782627,0.3455613098427375
305C_20211005,305C,20211005,Oat,Under,0.9365861656571891,0.5119137652182794,0.5357412956548385,0.6335978824372736
306A_20211005,306A,20211005,Oat,Post,0.3980062015354346,0.47382864226111965,0.42148592678336017,0.43215689871720936
306B_20211005,306B,20211005,Oat,Fallow,0.29527337872767256,0.46383572163024317,0.3915071648907302,0.38322994815889716
306C_20211005,306C,20211005,Oat,Under,0.921384326414876,0.5153366039727373,0.5460098119182112,0.6536333094014519
307A_20211005,307A,20211005,Oat,Post,0.35910494869025117,0.47763626186895614,0.4329087856068687,0.43103476631436166
307B_20211005,307B,20211005,Oat,Fallow,0.13475560356467728,0.46078589337632236,0.38235768012896737,0.3765553906594826
307C_20211005,307C,20211005,Oat,Under,0.6083092617954554,0.4870659464921904,0.4611978394765709,0.4973467503556515
308A_20211005,308A,20211005,Oat,Post,0.3033321197098877,0.4736637941332949,0.42099138239988476,0.43021143764431274
308B_20211005,308B,20211005,Oat,Fallow,0.06187671193241002,0.435353265764497,0.30605979729349225,0.263281596265732
308C_20211005,308C,20211005,Oat,Under,0.8303794462019212,0.4849267005774622,0.45478010173238664,0.5010346980422168
309A_20211005,309A,20211005,Oat,Post,0.3264655105898692,0.46863080719530986,0.4058924215859292,0.3990360976388647
309B_20211005,309B,20211005,Oat,Fallow,0.09500622082481386,0.4563163205419599,0.3689489616258799,0.31277816943556075
309C_20211005,309C,20211005,Oat,Under,0.8467314146830754,0.506717326495753,0.5201519794872592,0.5866464469245107
310A_20211005,310A,20211005,Oat,Post,0.2273054424983604,0.4590500992872211,0.37715029786166326,0.3685435463745186
310B_20211005,310B,20211005,Oat,Fallow,0.0862174973959338,0.43748572150479237,0.31245716451437594,0.2558761272945429
310C_20211005,310C,20211005,Oat,Under,0.8862860952509548,0.5084022732936202,0.5252068198808607,0.6091466893380733
401A_20211005,401A,20211005,Oat,Under,0.9419389684039967,0.5268631503922966,0.5805894511768891,0.6964074695876249
401B_20211005,401B,20211005,Oat,Fallow,0.0864357084989005,0.4434856313249047,0.3304568939747145,0.3050603574545335
401C_20211005,401C,20211005,Oat,Post,0.3603768421357201,0.47724182213104394,0.4317254663931325,0.43868149602137196
402A_20211005,402A,20211005,Oat,Under,0.9588370674356699,0.5251709308650031,0.5755127925950098,0.7074694560524197
402B_20211005,402B,20211005,Oat,Fallow,0.14583916033332048,0.43142640383012226,0.294279211490367,0.27134011927825186
402C_20211005,402C,20211005,Oat,Post,0.35362495659889664,0.4644826426104716,0.393447927831415,0.39595228869065213
403A_20211005,403A,20211005,Oat,Under,0.8577137022105629,0.5089524656507517,0.5268573969522554,0.5984616908175486
403B_20211005,403B,20211005,Oat,Fallow,0.09173004031480267,0.4501205637060304,0.35036169111809157,0.3458613377293543
403C_20211005,403C,20211005,Oat,Post,0.31096890552062034,0.47043721210307526,0.4113116363092256,0.4171834740710844
404A_20211005,404A,20211005,Soy,Under,0.7116647698777053,0.49098368810625664,0.47295106431877,0.5341838056423399
404B_20211005,404B,20211005,Soy,Fallow,0.06566345819991512,0.444678336430212,0.3340350092906353,0.30983604277252313
404C_20211005,404C,20211005,Soy,Post,0.2804253790363026,0.47684444760221456,0.43053334280664285,0.4514841703354652
405A_20211005,405A,20211005,Oat,Under,0.8255739795918368,0.5103501487691249,0.5310504463073749,0.6004668011710046
405B_20211005,405B,20211005,Oat,Fallow,0.21960355503259904,0.47235058703037985,0.41705176109113934,0.42656298897200967
405C_20211005,405C,20211005,Oat,Post,0.4724963591296632,0.4689731410589271,0.4069194231767828,0.4208880408639535
406A_20211005,406A,20211005,Oat,Under,0.9362781383820069,0.53708340648323,0.6112502194496905,0.7221436823730067
406B_20211005,406B,20211005,Oat,Fallow,0.08867629045947302,0.45502498610516534,0.365074958315497,0.36759357811571913
406C_20211005,406C,20211005,Oat,Post,0.34431541992978665,0.472255827631482,0.41676748289444643,0.4195549825842983
407A_20211005,407A,20211005,Oat,Under,0.6358135054588944,0.49342286685352965,0.48026860056058973,0.5144292942573641
407B_20211005,407B,20211005,Oat,Fallow,0.15608543748312179,0.4508996767800816,0.3526990303402444,0.3401034359269091
407C_20211005,407C,20211005,Oat,Post,0.35455687473477104,0.4755144580179561,0.4265433740538681,0.432896643953288
408A_20211005,408A,20211005,Oat,Under,0.9146101375332741,0.5198059771481774,0.5594179314445319,0.6661974061133696
408B_20211005,408B,20211005,Oat,Fallow,0.21964635334284943,0.46316934249884006,0.38950802749652025,0.4006496398685982
408C_20211005,408C,20211005,Oat,Post,0.5066699056749354,0.4793974322699812,0.43819229680994365,0.4548969536312501
409A_20211005,409A,20211005,Oat,Under,0.8857110306315342,0.5151823008370223,0.5455469025110669,0.6367173280356325
409B_20211005,409B,20211005,Oat,Fallow,0.08715242949731877,0.4467793953751027,0.34033818612530814,0.30200600626246044
409C_20211005,409C,20211005,Oat,Post,0.42841168839936733,0.47822709075574116,0.43468127226722403,0.4512170382105759
410A_20211005,410A,20211005,Oat,Under,0.8659128939855716,0.5189273608846062,0.5567820826538189,0.6576288420298472
410B_20211005,410B,20211005,Oat,Fallow,0.06871720805524478,0.4399817102099893,0.31994513062996743,0.30931776780355796
410C_20211005,410C,20211005,Oat,Post,0.3099182371436287,0.4694492092553051,0.4083476277659155,0.4228305780114848
101A_20211015,101A,20211015,Oat,Fallow,0.15172422938929825,0.40592972147598605,0.2177891644279582,0.1820328630516349
101B_20211015,101B,20211015,Oat,Post,0.4527500626904826,0.42166904192485216,0.2650071257745574,0.24648066348964465
101C_20211015,101C,20211015,Oat,Under,0.6480453830870723,0.4209050683201702,0.26271520496051093,0.25723427958389794
102A_20211015,102A,20211015,Oat,Fallow,0.11362469136993171,0.43359934358776236,0.30079803076328765,0.24774294967738084
102B_20211015,102B,20211015,Oat,Post,0.415677081324023,0.4679987720986234,0.4039963162958703,0.39839508040661903
102C_20211015,102C,20211015,Oat,Under,0.8265197619690599,0.49534982244834724,0.48604946734504195,0.5393241396592829
103A_20211015,103A,20211015,Oat,Fallow,0.23562880965240537,0.436700883013709,0.31010264904112755,0.2514314052235951
103B_20211015,103B,20211015,Oat,Post,0.5086175301878786,0.46660230056351104,0.3998069016905336,0.398598510488014
103C_20211015,103C,20211015,Oat,Under,0.6693125265228965,0.43101377602871765,0.2930413280861533,0.29468699083894234
104A_20211015,104A,20211015,Oat,Fallow,0.18831618186026775,0.44463943367559133,0.3339183010267734,0.2810843620027108
104B_20211015,104B,20211015,Oat,Post,0.49232885498244666,0.47243051063440766,0.4172915319032227,0.41064230934163404
104C_20211015,104C,20211015,Oat,Under,0.7299167422167354,0.4405206959239081,0.3215620877717235,0.33360347058148954
105A_20211015,105A,20211015,Oat,Fallow,0.2210671366845415,0.4402622960355284,0.3207868881065858,0.2847395022696894
105B_20211015,105B,20211015,Oat,Post,0.4094628872342888,0.45659673011515806,0.36979019034547345,0.34466385134707794
105C_20211015,105C,20211015,Oat,Under,0.830950894062729,0.49691761868808665,0.4907528560642593,0.5515991778941797
106A_20211015,106A,20211015,Soy,Fallow,0.10385944311562054,0.40690926379113423,0.2207277913734031,0.18833322527962204
106B_20211015,106B,20211015,Soy,Post,0.3342548030554377,0.4087715272597704,0.22631458177931107,0.2089732704278258
106C_20211015,106C,20211015,Soy,Under,0.6599198044056942,0.4343379426959229,0.30301382808776856,0.32275631034467794
107A_20211015,107A,20211015,Oat,Fallow,0.03957758670575981,0.4066303797893171,0.21989113936795063,0.19416046359861433
107B_20211015,107B,20211015,Oat,Post,0.4927007783264535,0.42136887193080447,0.26410661579241346,0.25982395943616926
107C_20211015,107C,20211015,Oat,Under,0.7358283341692065,0.4251108744627509,0.2753326233882521,0.27892636367377993
108A_20211015,108A,20211015,Oat,Fallow,0.04977865437290228,0.41615786973450997,0.24847360920353023,0.1986846241566603
108B_20211015,108B,20211015,Oat,Post,0.32324297866594653,0.4231115760487884,0.26933472814636555,0.23868061644107938
108C_20211015,108C,20211015,Oat,Under,0.6682256905597778,0.43439093326677486,0.3031727998003243,0.3047275209429943
109A_20211015,109A,20211015,Oat,Fallow,0.1384513280737626,0.4504046962470557,0.35121408874116633,0.3094275514580488
109B_20211015,109B,20211015,Oat,Post,0.38328056884379463,0.4351431605110541,0.30542948153316285,0.28975495429548054
109C_20211015,109C,20211015,Oat,Under,0.8788964546120905,0.43744652646328697,0.31233957938986157,0.32023167008721615
110A_20211015,110A,20211015,Oat,Fallow,0.1357918049072181,0.43523271676276776,0.30569815028830405,0.25367410330540807
110B_20211015,110B,20211015,Oat,Post,0.5374629885035299,0.45955114651292056,0.37865343953876096,0.3515070725785859
110C_20211015,110C,20211015,Oat,Under,0.9049732842097141,0.4953348432364917,0.4860045297094749,0.5385568898856812
201A_20211015,201A,20211015,Oat,Under,0.8655789466069982,0.48910850082384005,0.46732550247152005,0.5023890219916605
201B_20211015,201B,20211015,Oat,Fallow,0.2097153369854558,0.42932433634207084,0.2879730090262121,0.25243393156492533
201C_20211015,201C,20211015,Oat,Post,0.5106905356660623,0.44644736542190644,0.33934209626571793,0.332221085046702
202A_20211015,202A,20211015,Oat,Under,0.9607455103969754,0.5128764036950613,0.5386292110851841,0.6086603888616137
202B_20211015,202B,20211015,Oat,Fallow,0.1547339753481733,0.4273138626561174,0.2819415879683519,0.23563886048071933
202C_20211015,202C,20211015,Oat,Post,0.4686650061726014,0.4616826816993667,0.38504804509809915,0.3587896050814421
203A_20211015,203A,20211015,Soy,Under,0.6306005507117781,0.4407730314191761,0.32231909425752786,0.33055393699350455
203B_20211015,203B,20211015,Soy,Fallow,0.03820683519154354,0.42165254080645337,0.26495762241936094,0.20697826158905933
203C_20211015,203C,20211015,Soy,Post,0.20588880637321091,0.424046071518156,0.2721382145544681,0.24711681639427827
204A_20211015,204A,20211015,Oat,Under,0.8597855021025423,0.44356784641504343,0.3307035392451307,0.3460337024343311
204B_20211015,204B,20211015,Oat,Fallow,0.0830817676787161,0.4103120575068766,0.23093617252062987,0.1988265560388081
204C_20211015,204C,20211015,Oat,Post,0.4026814648354616,0.4244129515795023,0.273238854738507,0.24901207401957048
205A_20211015,205A,20211015,Oat,Under,0.508691673739439,0.42551349082792195,0.2765404724837663,0.2577997957315721
205B_20211015,205B,20211015,Oat,Fallow,0.06306059758496972,0.42568967942717834,0.2770690382815357,0.2274541234842286
205C_20211015,205C,20211015,Oat,Post,0.36980030670113034,0.4441334934010194,0.33240048020305885,0.32273494354999366
206A_20211015,206A,20211015,Oat,Under,0.6812249238069519,0.4246852028980688,0.27405560869420664,0.2641620036820081
206B_20211015,206B,20211015,Oat,Fallow,0.1595539089927086,0.42615567517735864,0.2784670255320755,0.2496649705751957
206C_20211015,206C,20211015,Oat,Post,0.34321170575980864,0.43094548122481413,0.29283644367444217,0.28096462407003264
207A_20211015,207A,20211015,Oat,Under,0.6613152704370974,0.43490136745280317,0.3047041023584098,0.3066035124744591
207B_20211015,207B,20211015,Oat,Fallow,0.06246383241387292,0.42766152395729695,0.28298457187189,0.23482924948151535
207C_20211015,207C,20211015,Oat,Post,0.35305712549670154,0.46472367287886773,0.3941710186366029,0.38629225278304447
208A_20211015,208A,20211015,Oat,Under,0.8450327437213071,0.49513698500219855,0.4854109550065949,0.5222722985218163
208B_20211015,208B,20211015,Oat,Fallow,0.2488426372439335,0.4392946810409574,0.317884043122872,0.28694691946813633
208C_20211015,208C,20211015,Oat,Post,0.4761052814320435,0.468666417513139,0.40599925253941593,0.4064465496677393
209A_20211015,209A,20211015,Oat,Under,0.7582938302920412,0.4910434405811456,0.47313032174343683,0.514715892388674
209B_20211015,209B,20211015,Oat,Fallow,0.1625377348481926,0.44070918673802606,0.3221275602140786,0.2692805182076931
209C_20211015,209C,20211015,Oat,Post,0.514362751244165,0.4717075410877702,0.41512262326330995,0.40920472571878314
210A_20211015,210A,20211015,Oat,Under,0.9148554743258362,0.5162871023291159,0.5488613069873484,0.6426076603587196
210B_20211015,210B,20211015,Oat,Fallow,0.14092458817175263,0.4387027954346157,0.31610838630384763,0.28952049214262343
210C_20211015,210C,20211015,Oat,Post,0.4502285791443231,0.46440762874814745,0.393222886244442,0.39940214590381007
301A_20211015,301A,20211015,Oat,Post,0.37429292369121564,0.42050357788110376,0.2615107336433116,0.24537503984942025
301B_20211015,301B,20211015,Oat,Fallow,0.133108772809691,0.41409377657160085,0.24228132971480296,0.21191469253644502
301C_20211015,301C,20211015,Oat,Under,0.7119330128081478,0.428318134613485,0.28495440384045473,0.28199120571869424
302A_20211015,302A,20211015,Oat,Post,0.465393045214305,0.47546099097777245,0.4263829729333175,0.4281161392662041
302B_20211015,302B,20211015,Oat,Fallow,0.12195589483430423,0.4348861883153588,0.30465856494607657,0.2532847605030457
302C_20211015,302C,20211015,Oat,Under,0.7152899675938428,0.47840860106628486,0.4352258031988542,0.4422523592846711
303A_20211015,303A,20211015,Soy,Post,0.4330971991821303,0.4273220765194948,0.28196622955848477,0.27627329054325905
303B_20211015,303B,20211015,Soy,Fallow,0.11558859129663207,0.4099898433654123,0.2299695300962365,0.20271025604054196
303C_20211015,303C,20211015,Soy,Under,0.8509895451564369,0.4994409758037618,0.49832292741128514,0.5535050311069498
304A_20211015,304A,20211015,Oat,Post,0.4496456782145751,0.4409008645927932,0.3227025937783796,0.307051011197391
304B_20211015,304B,20211015,Oat,Fallow,0.13330769453338992,0.4146872193921977,0.24406165817659486,0.2173225059953687
304C_20211015,304C,20211015,Oat,Under,0.7635369246942634,0.443889923790655,0.3316697713719655,0.35387935034265483
305A_20211015,305A,20211015,Oat,Post,0.5306869912426219,0.4603591383321312,0.38107741499639386,0.3703201422799297
305B_20211015,305B,20211015,Oat,Fallow,0.1736797625477412,0.4413525344374759,0.3240576033124269,0.29031681286579725
305C_20211015,305C,20211015,Oat,Under,0.9254453435438448,0.5038564792195148,0.5115694376585446,0.5786047792290753
306A_20211015,306A,20211015,Oat,Post,0.43757474634466265,0.44695166252681845,0.3408549875804555,0.3212336812659743
306B_20211015,306B,20211015,Oat,Fallow,0.15074891015007136,0.43601047185049085,0.3080314155514734,0.25765492007327895
306C_20211015,306C,20211015,Oat,Under,0.8918227498939084,0.4975125676485001,0.4925377029454992,0.5495871093855775
307A_20211015,307A,20211015,Oat,Post,0.4726512769569075,0.4261154042663256,0.2783462127989775,0.25753455186262125
307B_20211015,307B,20211015,Oat,Fallow,0.13829821862582461,0.43704681480350277,0.31114044441050787,0.2545289866665806
307C_20211015,307C,20211015,Oat,Under,0.8742603728637013,0.48603848535527333,0.45811545606582077,0.494083015082126
308A_20211015,308A,20211015,Oat,Post,0.43012723756799504,0.42308222421265257,0.2692466726379593,0.24708242263898322
308B_20211015,308B,20211015,Oat,Fallow,0.19679446684155705,0.4031890337300465,0.20956710119014002,0.16458680440882145
308C_20211015,308C,20211015,Oat,Under,0.7734311706724277,0.4244182116308665,0.27325463489260027,0.25857505235574735
309A_20211015,309A,20211015,Oat,Post,0.3119026320358011,0.4187369928520008,0.2562109785560024,0.22986915747287165
309B_20211015,309B,20211015,Oat,Fallow,0.12283597276339647,0.40902442897102687,0.22707328691308104,0.19618221509165323
309C_20211015,309C,20211015,Oat,Under,0.7673339184445045,0.4278061897164445,0.28341856914933344,0.2802940823163836
310A_20211015,310A,20211015,Oat,Post,0.2993976891323637,0.41297604550444234,0.23892813651332684,0.2118860958519154
310B_20211015,310B,20211015,Oat,Fallow,0.24561950252690867,0.4113288194582958,0.23398645837488777,0.19117324597747237
310C_20211015,310C,20211015,Oat,Under,0.7454410757686818,0.43882607575667465,0.31647822727002406,0.31790552510957554
401A_20211015,401A,20211015,Oat,Under,0.9455237789822923,0.45826863051439043,0.37480589154317145,0.41487137299411814
401B_20211015,401B,20211015,Oat,Fallow,0.16968264148759693,0.4100595053290153,0.23017851598704528,0.19699686548238496
401C_20211015,401C,20211015,Oat,Post,0.4611626432236411,0.4361077542144112,0.30832326264323445,0.29763040132698515
402A_20211015,402A,20211015,Oat,Under,0.9746585779869604,0.506479823945599,0.5194394718367968,0.5999000720224318
402B_20211015,402B,20211015,Oat,Fallow,0.3131094238262413,0.4271331039194915,0.28139931175847344,0.2420367800213963
402C_20211015,402C,20211015,Oat,Post,0.5064715867443386,0.44639730846672443,0.3391919254001727,0.3208988743531955
403A_20211015,403A,20211015,Oat,Under,0.8524766357393619,0.45235208087092854,0.3570562426127862,0.37115196137917006
403B_20211015,403B,20211015,Oat,Fallow,0.1472020755372092,0.43813902374459274,0.3144170712337773,0.2702255978453474
403C_20211015,403C,20211015,Oat,Post,0.3479315757493924,0.43248501993662847,0.29745505980988657,0.2841085415944998
404A_20211015,404A,20211015,Soy,Under,0.7118588692565874,0.48943044540719466,0.468291336221585,0.5032479739497905
404B_20211015,404B,20211015,Soy,Fallow,0.05333995602021527,0.4385631752830629,0.31568952584918697,0.2647625361469919
404C_20211015,404C,20211015,Soy,Post,0.2557988696423749,0.42943926274885963,0.2883177882465795,0.27911572977407834
405A_20211015,405A,20211015,Oat,Under,0.8838351384977431,0.4428864200474706,0.3286592601424112,0.35124927032808884
405B_20211015,405B,20211015,Oat,Fallow,0.19687162435862815,0.4075484237388584,0.22264527121657532,0.19806332361982318
405C_20211015,405C,20211015,Oat,Post,0.43242327649396245,0.42118588439951354,0.2635576531985406,0.24446882905439996
406A_20211015,406A,20211015,Oat,Under,0.8520974788781297,0.5010007805264063,0.5030023415792175,0.5449569719950349
406B_20211015,406B,20211015,Oat,Fallow,0.13890282010724894,0.4379284817338129,0.31378544520143903,0.28388016329847565
406C_20211015,406C,20211015,Oat,Post,0.3833468760850276,0.4498134075889499,0.3494402227668494,0.3245137418657962
407A_20211015,407A,20211015,Oat,Under,0.8958861781952857,0.502549781581682,0.5076493447450457,0.565942677557717
407B_20211015,407B,20211015,Oat,Fallow,0.08791375718529378,0.43703616790588484,0.31110850371765403,0.2619923513233084
407C_20211015,407C,20211015,Oat,Post,0.41670966590795105,0.4605501546555718,0.381650463966716,0.36681749587320883
408A_20211015,408A,20211015,Oat,Under,0.9213909571389993,0.5051878546342545,0.5155635639027637,0.5973097506865939
408B_20211015,408B,20211015,Oat,Fallow,0.3320057819914355,0.4544590805661808,0.3633772416985425,0.3645734286921396
408C_20211015,408C,20211015,Oat,Post,0.514209641796227,0.4638221797968491,0.39146653939054704,0.3910420847774487
409A_20211015,409A,20211015,Oat,Under,0.8876405713514139,0.501131310748313,0.503393932244939,0.5590227657747103
409B_20211015,409B,20211015,Oat,Fallow,0.1626456348134717,0.4329315382590426,0.2987946147771275,0.27802915888709345
409C_20211015,409C,20211015,Oat,Post,0.506846524053856,0.4748375934385246,0.4245127803155737,0.43677326245004466
410A_20211015,410A,20211015,Oat,Under,0.8797934107480422,0.5101049698958656,0.5303149096875961,0.608964447356102
410B_20211015,410B,20211015,Oat,Fallow,0.18266981887272868,0.43947336857256825,0.3184201057177044,0.29737124500134954
410C_20211015,410C,20211015,Oat,Post,0.34755000771575173,0.44533592973759134,0.33600778921277474,0.325764505979862
101A_20211025,101A,20211025,Oat,Fallow,0.19304268257397478,0.4358009655557192,0.30740289666715753,0.27447809511272975
101B_20211025,101B,20211025,Oat,Post,0.5153242062420431,0.46483505133462116,0.3945051540038628,0.3955928643927604
101C_20211025,101C,20211025,Oat,Under,0.8612171357200725,0.48960091788166876,0.4688027536450063,0.5114041906768967
102A_20211025,102A,20211025,Oat,Fallow,0.08722476466957294,0.4399539876513428,0.3198619629540279,0.30239197074844987
102B_20211025,102B,20211025,Oat,Post,0.3300599658577987,0.45443208601811647,0.36329625805434945,0.33852333123380807
102C_20211025,102C,20211025,Oat,Under,0.7759128698738474,0.4953754550692755,0.4861263652078268,0.5368747035734607
103A_20211025,103A,20211025,Oat,Fallow,0.2233782454380618,0.445201673323171,0.335605019969513,0.29794546562831054
103B_20211025,103B,20211025,Oat,Post,0.5294150977971529,0.46720032295358377,0.4016009688607513,0.4039161961021449
103C_20211025,103C,20211025,Oat,Under,0.7567976978125844,0.49162623572938136,0.47487870718814423,0.5229824716568244
104A_20211025,104A,20211025,Oat,Fallow,0.11225514544191968,0.4568770176825534,0.3706310530476596,0.3451131389077301
104B_20211025,104B,20211025,Oat,Post,0.5927674472435477,0.4800102053395349,0.440030616018605,0.4634381425955456
104C_20211025,104C,20211025,Oat,Under,0.7403944919177501,0.4975850331369718,0.49275509941091494,0.5445764322629312
105A_20211025,105A,20211025,Oat,Fallow,0.14200117665213532,0.4488941659144071,0.3466824977432221,0.326031700238851
105B_20211025,105B,20211025,Oat,Post,0.4478535743219783,0.46263277391497054,0.3878983217449117,0.38520012173976637
105C_20211025,105C,20211025,Oat,Under,0.8699172485629413,0.5119719283720191,0.5359157851160575,0.6240014243253881
106A_20211025,106A,20211025,Soy,Fallow,0.08626572084410324,0.4487547072928688,0.3462641218786065,0.33316241669731
106B_20211025,106B,20211025,Soy,Post,0.40653632672350604,0.4701464519433637,0.4104393558300915,0.43861845314619197
106C_20211025,106C,20211025,Soy,Under,0.7107015065005208,0.5001624242446058,0.500487272733817,0.5772242691280819
107A_20211025,107A,20211025,Oat,Fallow,0.07725818351915435,0.4466348674038373,0.33990460221151203,0.3016627242480269
107B_20211025,107B,20211025,Oat,Post,0.6899648209945604,0.4969851442751368,0.49095543282540993,0.540132147434302
107C_20211025,107C,20211025,Oat,Under,0.8635481366459627,0.5057533938282196,0.5172601814846589,0.5826726096844062
108A_20211025,108A,20211025,Oat,Fallow,0.06991254677674473,0.45590905177003654,0.36772715531010935,0.33094169484102226
108B_20211025,108B,20211025,Oat,Post,0.3950314175764824,0.4711930328562744,0.41357909856882324,0.40707430272841866
108C_20211025,108C,20211025,Oat,Under,0.6485288231549708,0.4876171190233727,0.4628513570701179,0.49247454862666806
109A_20211025,109A,20211025,Oat,Fallow,0.1864131640368813,0.44053762682003167,0.32161288046009534,0.2978688407176423
109B_20211025,109B,20211025,Oat,Post,0.4058539649319085,0.4602295997972603,0.3806887993917811,0.3694322591230701
109C_20211025,109C,20211025,Oat,Under,0.9056435901392693,0.5183928891983741,0.5551786675951217,0.6355591965285623
110A_20211025,110A,20211025,Oat,Fallow,0.2001502160410478,0.450778222100115,0.35233466630034493,0.342509592354118
110B_20211025,110B,20211025,Oat,Post,0.521332245090853,0.47398305050384415,0.4219491515115322,0.416197544488596
110C_20211025,110C,20211025,Oat,Under,0.7244120356081941,0.4866256128474921,0.45987683854247663,0.4960620970135683
201A_20211025,201A,20211025,Oat,Under,0.7714974104008333,0.4930380704316479,0.4791142112949441,0.5207178619749647
201B_20211025,201B,20211025,Oat,Fallow,0.15149275683808494,0.4478708095544341,0.3436124286633026,0.3321066108732848
201C_20211025,201C,20211025,Oat,Post,0.5135857509355349,0.4754288983419758,0.42628669502592753,0.4357275975329066
202A_20211025,202A,20211025,Oat,Under,0.9110687280583311,0.5189197179013996,0.5567591537041997,0.653937517263537
202B_20211025,202B,20211025,Oat,Fallow,0.2917699452181629,0.45208945809488416,0.3562683742846531,0.3485713657707698
202C_20211025,202C,20211025,Oat,Post,0.43398692180085646,0.46963356050070215,0.40890068150210607,0.41303991687887287
203A_20211025,203A,20211025,Soy,Under,0.8573249006596968,0.5042589606618854,0.5127768819856559,0.5848666398881383
203B_20211025,203B,20211025,Soy,Fallow,0.053443636433779564,0.4400148693884067,0.32004460816521973,0.33132744101584044
203C_20211025,203C,20211025,Soy,Post,0.2801589444851665,0.4644052728713188,0.39321581861395677,0.39927951509946785
204A_20211025,204A,20211025,Oat,Under,0.7370387427182593,0.4927006777126541,0.47810203313796307,0.504909716896329
204B_20211025,204B,20211025,Oat,Fallow,0.08286958450677057,0.4578610534518622,0.3735831603555872,0.3441926293436698
204C_20211025,204C,20211025,Oat,Post,0.5311131659658193,0.4776562320498028,0.4329686961494082,0.4486347161493331
205A_20211025,205A,20211025,Oat,Under,0.6033723862891092,0.4807936211429082,0.4423808634287249,0.4582016937025293
205B_20211025,205B,20211025,Oat,Fallow,0.1653425311523475,0.4486204919102416,0.3458614757307247,0.3141949142517052
205C_20211025,205C,20211025,Oat,Post,0.5176009557887428,0.4763579145900914,0.4290737437702749,0.44013344638710594
206A_20211025,206A,20211025,Oat,Under,0.8837664200841017,0.5069446759873569,0.5208340279620695,0.5853549570362836
206B_20211025,206B,20211025,Oat,Fallow,0.20394901817059527,0.4479752262878931,0.34392567886367936,0.3101663647265168
206C_20211025,206C,20211025,Oat,Post,0.5578548763550789,0.47642616681720046,0.4292785004516016,0.43635741725707705
207A_20211025,207A,20211025,Oat,Under,0.8148587294085876,0.49301459185766644,0.47904377557300054,0.5068538018240221
207B_20211025,207B,20211025,Oat,Fallow,0.07534793217854249,0.4434262794577004,0.33027883837310146,0.2920531706207149
207C_20211025,207C,20211025,Oat,Post,0.3730156051078276,0.4658751879702962,0.3976255639108889,0.3861657337124667
208A_20211025,208A,20211025,Oat,Under,0.8828296796034104,0.5082918952820601,0.5248756858461807,0.5930167954939249
208B_20211025,208B,20211025,Oat,Fallow,0.27804193511052816,0.4551931268630102,0.3655793805890305,0.34854394474561945
208C_20211025,208C,20211025,Oat,Post,0.5095373924617106,0.47112540190761504,0.4133762057228453,0.41322038752185375
209A_20211025,209A,20211025,Oat,Under,0.7235162850584468,0.48372842050930015,0.45118526152789984,0.49178145406902085
209B_20211025,209B,20211025,Oat,Fallow,0.21541956811079818,0.4515248000297158,0.3545744000891468,0.3325605130698171
209C_20211025,209C,20211025,Oat,Post,0.540365437290228,0.47356549399863146,0.4206964819958938,0.4231163025642649
210A_20211025,210A,20211025,Oat,Under,0.8185936354693106,0.491513833884761,0.4745415016542824,0.533471152556003
210B_20211025,210B,20211025,Oat,Fallow,0.18264932390725666,0.4411465870991776,0.323439761297532,0.31473547796705825
210C_20211025,210C,20211025,Oat,Post,0.49134147988117743,0.4691073013877111,0.40732190416313296,0.42012114915905296
301A_20211025,301A,20211025,Oat,Post,0.31599499440608003,0.4503377430363734,0.3510132291091194,0.31687761697481875
301B_20211025,301B,20211025,Oat,Fallow,0.14865239574090505,0.44899878876140503,0.3469963662842146,0.30772461011011887
301C_20211025,301C,20211025,Oat,Under,0.7516739564445816,0.4762711768192366,0.4288135304577101,0.4509981140366344
302A_20211025,302A,20211025,Oat,Post,0.45195377300258477,0.4652481263243833,0.3957443789731502,0.3811400189718311
302B_20211025,302B,20211025,Oat,Fallow,0.1559082163110991,0.44223498020040564,0.3267049406012175,0.2832150355312129
302C_20211025,302C,20211025,Oat,Under,0.6593959771999537,0.4829522867339853,0.44885686020195636,0.4758392396522366
303A_20211025,303A,20211025,Soy,Post,0.26035477990818257,0.4614507623080427,0.3843522869241281,0.3891318599437869
303B_20211025,303B,20211025,Soy,Fallow,0.0961780506153312,0.45537115540796175,0.3661134662238857,0.35274698843855407
303C_20211025,303C,20211025,Soy,Under,0.8752622149994214,0.4993482151734087,0.4980446455202264,0.5617143028522211
304A_20211025,304A,20211025,Oat,Post,0.41023566799120403,0.46250496425882365,0.3875148927764711,0.3798648569086343
304B_20211025,304B,20211025,Oat,Fallow,0.13086577967671,0.44804350044712615,0.3441305013413786,0.31900628101600303
304C_20211025,304C,20211025,Oat,Under,0.6374651585586976,0.46844991520337886,0.4053497456101367,0.40385079627788295
305A_20211025,305A,20211025,Oat,Post,0.5152175118629683,0.47166497324042483,0.4149949197212741,0.4188493124853691
305B_20211025,305B,20211025,Oat,Fallow,0.15053371301261526,0.439832122482853,0.31949636744855914,0.3079780824473834
305C_20211025,305C,20211025,Oat,Under,0.9028273407661741,0.508178442783413,0.5245353283502381,0.6208495060900047
306A_20211025,306A,20211025,Oat,Post,0.5508341450947108,0.4766733223964465,0.4300199671893387,0.45279494401203213
306B_20211025,306B,20211025,Oat,Fallow,0.21424231318236178,0.4468274470641416,0.34048234119242493,0.33519933068179486
306C_20211025,306C,20211025,Oat,Under,0.8933725309594537,0.5103387916809817,0.5310163750429445,0.6169484510975419
307A_20211025,307A,20211025,Oat,Post,0.6005693983642606,0.48086556511843725,0.44259669535531204,0.4533638077064662
307B_20211025,307B,20211025,Oat,Fallow,0.07123085529107673,0.44719268375731636,0.3415780512719487,0.3366394983946312
307C_20211025,307C,20211025,Oat,Under,0.8896340081401181,0.5062657898300631,0.5187973694901903,0.5859892831528626
308A_20211025,308A,20211025,Oat,Post,0.4021642683538444,0.4580150158321142,0.3740450474963425,0.358061006463454
308B_20211025,308B,20211025,Oat,Fallow,0.23486567358512403,0.4464579731818594,0.3393739195455792,0.3261927295987987
308C_20211025,308C,20211025,Oat,Under,0.6362131572855986,0.47563414256298064,0.4269024276889419,0.44714572722010465
309A_20211025,309A,20211025,Oat,Post,0.41611591470236486,0.46913094754393697,0.40739284263181097,0.3972876561892388
309B_20211025,309B,20211025,Oat,Fallow,0.2034239853786505,0.44496793360903303,0.33490380082709936,0.3025220678319281
309C_20211025,309C,20211025,Oat,Under,0.8451279850314417,0.5022313902835097,0.506694170850529,0.5543077094191352
310A_20211025,310A,20211025,Oat,Post,0.26254653562748353,0.4578755194755918,0.3736265584267754,0.3485524018589559
310B_20211025,310B,20211025,Oat,Fallow,0.2785169360749971,0.441270906796738,0.32381272039021425,0.29301770172253516
310C_20211025,310C,20211025,Oat,Under,0.717860880174376,0.4860271660883122,0.45808149826493627,0.5008006879094963
401A_20211025,401A,20211025,Oat,Under,0.8694934850121523,0.5061580340419454,0.5184741021258362,0.5705986369076609
401B_20211025,401B,20211025,Oat,Fallow,0.2467063384900274,0.4493675641283893,0.3481026923851673,0.34034410711041174
401C_20211025,401C,20211025,Oat,Post,0.6356121725627869,0.4852154469419486,0.4556463408258463,0.48719613787380384
402A_20211025,402A,20211025,Oat,Under,0.9260300528528992,0.5174848562679857,0.5524545688039562,0.6606570932221788
402B_20211025,402B,20211025,Oat,Fallow,0.4285473168473439,0.44593521063758024,0.3378056319127415,0.32127518025918544
402C_20211025,402C,20211025,Oat,Post,0.515886009413217,0.46635827939557684,0.3990748381867309,0.400321449125828
403A_20211025,403A,20211025,Oat,Under,0.9339652212491802,0.5219665546720912,0.5658996640162732,0.6746251033255024
403B_20211025,403B,20211025,Oat,Fallow,0.264608088036727,0.4590790732847729,0.3772372198543177,0.3886450110498634
403C_20211025,403C,20211025,Oat,Post,0.40499679314069675,0.4775195800680441,0.4325587402041322,0.4498258923304049
404A_20211025,404A,20211025,Soy,Under,0.6378063394544964,0.4913464102897181,0.47403923086915356,0.5343620491251295
404B_20211025,404B,20211025,Soy,Fallow,0.06942970950194823,0.45464369902697505,0.3639310970809258,0.35026028235167594
404C_20211025,404C,20211025,Soy,Post,0.3900788694494811,0.4657151407347992,0.3971454222043977,0.4053842919374504
405A_20211025,405A,20211025,Oat,Under,0.7877131476409089,0.49354812851910235,0.4806443855573068,0.507654553758289
405B_20211025,405B,20211025,Oat,Fallow,0.2494568834149917,0.45620872068026486,0.36862616204079457,0.3621232697146988
405C_20211025,405C,20211025,Oat,Post,0.48952044191967903,0.4658836525393283,0.3976509576179852,0.4040177567247045
406A_20211025,406A,20211025,Oat,Under,0.8014188544037653,0.49559348038843043,0.48678044116529234,0.5185130106079254
406B_20211025,406B,20211025,Oat,Fallow,0.12334834690019675,0.44044390315542503,0.3213317094662748,0.2696047737216404
406C_20211025,406C,20211025,Oat,Post,0.47418116585008296,0.46707206890930697,0.40121620672792196,0.405495685344514
407A_20211025,407A,20211025,Oat,Under,0.8554568448362332,0.4984625134512506,0.49538754035375193,0.5505380063415124
407B_20211025,407B,20211025,Oat,Fallow,0.1006218413641449,0.45191901184309285,0.3557570355292787,0.338386254482112
407C_20211025,407C,20211025,Oat,Post,0.43589476196905985,0.46537725946209074,0.3961317783862725,0.3846713926908273
408A_20211025,408A,20211025,Oat,Under,0.7790901923151113,0.49450779790898874,0.48352339372696623,0.5321296134136512
408B_20211025,408B,20211025,Oat,Fallow,0.14595971895374407,0.4415024968870061,0.32450749066101886,0.293479742276666
408C_20211025,408C,20211025,Oat,Post,0.6282225319239226,0.4659205300156707,0.39776159004701284,0.3941499785379763
409A_20211025,409A,20211025,Oat,Under,0.872307323212839,0.4947178466892063,0.4841535400676196,0.5583446738979304
409B_20211025,409B,20211025,Oat,Fallow,0.10102812391497241,0.4279301319757121,0.2837903959271363,0.26625461124059463
409C_20211025,409C,20211025,Oat,Post,0.5428670286640176,0.46845761406720865,0.40537284220162606,0.42065292807512394
410A_20211025,410A,20211025,Oat,Under,0.8759427684117125,0.5080968931121436,0.5242906793364301,0.6046974074610367
410B_20211025,410B,20211025,Oat,Fallow,0.16569275394467806,0.44400044655318366,0.3320013396595512,0.32533622607292384
410C_20211025,410C,20211025,Oat,Post,0.46961018575672236,0.46630523120343165,0.39891569361029583,0.408859003834884
