Image,Plot,Date_Index,Date,Variety,Cover,Mean_Green,EXG_Mean_Image,EXGR_Mean_Image,GLI_Mean_Image,VARI_Mean_Image
101A_20210708,101A,20210708,7/8/2021,Oat,Fallow,117.7571859,0.037808012,-0.154818773,0.024490324,-0.067624937
101B_20210708,101B,20210708,7/8/2021,Oat,Post,116.8591502,0.029748662,-0.198514453,0.017911384,-0.108566739
101C_20210708,101C,20210708,7/8/2021,Oat,Under,117.6325681,0.036861389,-0.183141247,0.023595664,-0.099680851
102A_20210708,102A,20210708,7/8/2021,Oat,Fallow,119.0253119,0.024949968,-0.217639005,0.014853761,-0.123433398
102B_20210708,102B,20210708,7/8/2021,Oat,Post,116.3981183,0.031161983,-0.207395726,0.017688686,-0.11449736
102C_20210708,102C,20210708,7/8/2021,Oat,Under,113.4049733,0.015632955,-0.234763933,0.006084484,-0.132596879
103A_20210708,103A,20210708,7/8/2021,Oat,Fallow,110.6103298,0.055566631,-0.197915304,0.036617099,-0.120853693
103B_20210708,103B,20210708,7/8/2021,Oat,Post,118.479795,0.107156702,-0.079942708,0.072160669,-0.037143146
103C_20210708,103C,20210708,7/8/2021,Oat,Under,117.6974774,0.071805703,-0.150800382,0.047051365,-0.08392521
104A_20210708,104A,20210708,7/8/2021,Oat,Fallow,117.6918564,0.040140874,-0.188968924,0.025893786,-0.106508768
104B_20210708,104B,20210708,7/8/2021,Oat,Post,119.8072997,0.045413219,-0.182090237,0.030445683,-0.10337828
104C_20210708,104C,20210708,7/8/2021,Oat,Under,117.6757395,0.025705352,-0.206816987,0.016010668,-0.116649138
105A_20210708,105A,20210708,7/8/2021,Oat,Fallow,117.613131,0.085290082,-0.112145117,0.058345015,-0.056914212
105B_20210708,105B,20210708,7/8/2021,Oat,Post,120.6532704,0.081728031,-0.112786074,0.055695624,-0.054900245
105C_20210708,105C,20210708,7/8/2021,Oat,Under,129.1633171,0.065937444,-0.086587271,0.045895357,-0.008137543
106A_20210708,106A,20210708,7/8/2021,Soy,Fallow,128.3091322,0.107839345,-0.016533574,0.072430653,0.024557853
106B_20210708,106B,20210708,7/8/2021,Soy,Post,124.6710733,0.167584167,0.071422441,0.112960733,0.073930591
106C_20210708,106C,20210708,7/8/2021,Soy,Under,127.7001665,0.146110792,0.04452679,0.099118773,0.064028234
107A_20210708,107A,20210708,7/8/2021,Oat,Fallow,119.9440186,0.046866565,-0.17398936,0.031917256,-0.09638329
107B_20210708,107B,20210708,7/8/2021,Oat,Post,122.7196861,0.065254812,-0.145276989,0.045705871,-0.08054608
107C_20210708,107C,20210708,7/8/2021,Oat,Under,116.4810313,0.046597685,-0.181219099,0.030676632,-0.101001067
108A_20210708,108A,20210708,7/8/2021,Oat,Fallow,107.6777908,0.025346233,-0.237573279,0.015177461,-0.142987196
108B_20210708,108B,20210708,7/8/2021,Oat,Post,105.3889842,0.020251311,-0.255552602,0.010310415,-0.153210438
108C_20210708,108C,20210708,7/8/2021,Oat,Under,111.7511031,0.023059021,-0.219748624,0.012659464,-0.122085803
109A_20210708,109A,20210708,7/8/2021,Oat,Fallow,113.1889576,0.047193527,-0.183227174,0.029160992,-0.101005888
109B_20210708,109B,20210708,7/8/2021,Oat,Post,113.0500035,0.047506403,-0.177181325,0.030359068,-0.096332057
109C_20210708,109C,20210708,7/8/2021,Oat,Under,112.479367,0.048843084,-0.169542915,0.029973628,-0.08640686
110A_20210708,110A,20210708,7/8/2021,Oat,Fallow,103.8164091,0.001220307,-0.279813567,-0.003729842,-0.167252657
110B_20210708,110B,20210708,7/8/2021,Oat,Post,109.6036762,0.017623932,-0.228082877,0.009476614,-0.130396947
110C_20210708,110C,20210708,7/8/2021,Oat,Under,109.1825227,0.007384135,-0.253403038,0.00016834,-0.145485832
201A_20210708,201A,20210708,7/8/2021,Oat,Under,120.9364397,0.042920675,-0.152733167,0.030366235,-0.075635176
201B_20210708,201B,20210708,7/8/2021,Oat,Fallow,124.372487,0.037318812,-0.160510874,0.025261306,-0.075168426
201C_20210708,201C,20210708,7/8/2021,Oat,Post,123.8304427,0.045356753,-0.143877707,0.03168353,-0.064822729
202A_20210708,202A,20210708,7/8/2021,Oat,Under,123.4217303,0.094929896,-0.086551568,0.067034161,-0.040931675
202B_20210708,202B,20210708,7/8/2021,Oat,Fallow,124.8969652,0.060851706,-0.131858798,0.042331414,-0.0644182
202C_20210708,202C,20210708,7/8/2021,Oat,Post,124.9841785,0.094071347,-0.07891421,0.065157886,-0.028706629
203A_20210708,203A,20210708,7/8/2021,Soy,Under,117.6588818,0.211426954,0.10950014,0.141858495,0.069399945
203B_20210708,203B,20210708,7/8/2021,Soy,Fallow,114.1487886,0.172066489,0.065059868,0.116017576,0.059691861
203C_20210708,203C,20210708,7/8/2021,Soy,Post,119.8078326,0.186104824,0.085714172,0.12518687,0.068254843
204A_20210708,204A,20210708,7/8/2021,Oat,Under,121.8231116,0.053793665,-0.148687246,0.037462759,-0.077008247
204B_20210708,204B,20210708,7/8/2021,Oat,Fallow,122.9341436,0.049196763,-0.124637052,0.034235083,-0.045079791
204C_20210708,204C,20210708,7/8/2021,Oat,Post,122.269689,0.060443759,-0.109187135,0.041112547,-0.032697617
205A_20210708,205A,20210708,7/8/2021,Oat,Under,111.5050852,0.043085509,-0.195756624,0.027483493,-0.111495927
205B_20210708,205B,20210708,7/8/2021,Oat,Fallow,112.8623546,0.046965721,-0.183296373,0.030255941,-0.102767398
205C_20210708,205C,20210708,7/8/2021,Oat,Post,113.2992705,0.048530098,-0.188725931,0.030319683,-0.106320431
206A_20210708,206A,20210708,7/8/2021,Oat,Under,111.9486251,0.028348251,-0.180474797,0.018292585,-0.092383568
206B_20210708,206B,20210708,7/8/2021,Oat,Fallow,111.2816189,0.070981239,-0.123356166,0.047203264,-0.060136881
206C_20210708,206C,20210708,7/8/2021,Oat,Post,117.576263,0.043946866,-0.157572511,0.028117702,-0.074590656
207A_20210708,207A,20210708,7/8/2021,Oat,Under,120.3023218,0.042790687,-0.166080742,0.029045586,-0.087633482
207B_20210708,207B,20210708,7/8/2021,Oat,Fallow,117.5882586,0.071705068,-0.108814433,0.049277402,-0.043658472
207C_20210708,207C,20210708,7/8/2021,Oat,Post,111.96008,0.106045756,-0.069608494,0.07190719,-0.027946146
208A_20210708,208A,20210708,7/8/2021,Oat,Under,107.5965584,0.067502244,-0.156147303,0.043426088,-0.086215938
208B_20210708,208B,20210708,7/8/2021,Oat,Fallow,112.623625,0.06152943,-0.138034561,0.040054483,-0.065194459
208C_20210708,208C,20210708,7/8/2021,Oat,Post,111.63876,0.074303554,-0.104431244,0.048320567,-0.036487721
209A_20210708,209A,20210708,7/8/2021,Oat,Under,107.055929,0.047687913,-0.195109341,0.029754684,-0.111680576
209B_20210708,209B,20210708,7/8/2021,Oat,Fallow,107.5268912,0.056344342,-0.159827556,0.035585526,-0.082482098
209C_20210708,209C,20210708,7/8/2021,Oat,Post,106.9160297,0.042720999,-0.198996588,0.026048382,-0.114117131
210A_20210708,210A,20210708,7/8/2021,Oat,Under,123.7251963,0.058556564,-0.100355738,0.039905493,-0.020120725
210B_20210708,210B,20210708,7/8/2021,Oat,Fallow,121.9983658,0.112026419,-0.037730145,0.076182094,0.006299488
210C_20210708,210C,20210708,7/8/2021,Oat,Post,126.3833921,0.0808828,-0.033837841,0.055602867,0.059418858
301A_20210708,301A,20210708,7/8/2021,Oat,Post,114.0003587,0.027612235,-0.218357685,0.016743633,-0.126677169
301B_20210708,301B,20210708,7/8/2021,Oat,Fallow,119.2534438,0.02495972,-0.224689479,0.014510504,-0.130399761
301C_20210708,301C,20210708,7/8/2021,Oat,Under,115.6302588,0.050773566,-0.183373386,0.03413315,-0.106774571
302A_20210708,302A,20210708,7/8/2021,Oat,Post,113.7012847,0.048436868,-0.185602092,0.031384739,-0.107054162
302B_20210708,302B,20210708,7/8/2021,Oat,Fallow,111.6782598,0.054153235,-0.174052343,0.035396047,-0.098540978
302C_20210708,302C,20210708,7/8/2021,Oat,Under,117.0990588,0.059946028,-0.160117577,0.040358766,-0.089390921
303A_20210708,303A,20210708,7/8/2021,Soy,Post,119.577005,0.109862402,-0.040067721,0.071306068,-0.001237339
303B_20210708,303B,20210708,7/8/2021,Soy,Fallow,114.2951022,0.20199533,0.087913961,0.13303198,0.050915044
303C_20210708,303C,20210708,7/8/2021,Soy,Under,122.7286298,0.185602221,0.094085982,0.124096585,0.084435742
304A_20210708,304A,20210708,7/8/2021,Oat,Post,123.8234775,0.047568172,-0.155967268,0.03295728,-0.079223901
304B_20210708,304B,20210708,7/8/2021,Oat,Fallow,122.4919376,0.04454446,-0.166597304,0.030582752,-0.08937029
304C_20210708,304C,20210708,7/8/2021,Oat,Under,119.6007792,0.074806516,-0.150098377,0.052527982,-0.093242448
305A_20210708,305A,20210708,7/8/2021,Oat,Post,118.1415877,0.069124524,-0.145149189,0.047523655,-0.080986541
305B_20210708,305B,20210708,7/8/2021,Oat,Fallow,116.7395687,0.062671421,-0.145281598,0.042839394,-0.077443218
305C_20210708,305C,20210708,7/8/2021,Oat,Under,115.9331237,0.077250063,-0.118231805,0.052615382,-0.058019933
306A_20210708,306A,20210708,7/8/2021,Oat,Post,124.6523704,0.042418712,-0.145878004,0.029251452,-0.064401167
306B_20210708,306B,20210708,7/8/2021,Oat,Fallow,122.1214556,0.057395839,-0.119891386,0.039205718,-0.045256525
306C_20210708,306C,20210708,7/8/2021,Oat,Under,112.4769745,0.088498993,-0.104748311,0.061733027,-0.056808145
307A_20210708,307A,20210708,7/8/2021,Oat,Post,108.8634836,0.065676924,-0.123868271,0.044287301,-0.055358831
307B_20210708,307B,20210708,7/8/2021,Oat,Fallow,118.8798187,0.044738459,-0.158156549,0.029166516,-0.074463589
307C_20210708,307C,20210708,7/8/2021,Oat,Under,116.0377686,0.064772157,-0.128880987,0.043448636,-0.060840018
308A_20210708,308A,20210708,7/8/2021,Oat,Post,106.9297372,0.044420277,-0.19682454,0.028219221,-0.114163824
308B_20210708,308B,20210708,7/8/2021,Oat,Fallow,111.2949545,0.03770952,-0.177713459,0.022844092,-0.087796472
308C_20210708,308C,20210708,7/8/2021,Oat,Under,106.4709767,0.076589744,-0.129538908,0.050047664,-0.066614933
309A_20210708,309A,20210708,7/8/2021,Oat,Post,109.1565176,0.072316675,-0.132954948,0.047465349,-0.067799689
309B_20210708,309B,20210708,7/8/2021,Oat,Fallow,111.5054619,0.040009929,-0.203550652,0.024311032,-0.116500292
309C_20210708,309C,20210708,7/8/2021,Oat,Under,111.1544241,0.067637695,-0.162777079,0.043478795,-0.094184454
310A_20210708,310A,20210708,7/8/2021,Oat,Post,114.2260149,0.088587743,-0.095498295,0.058594752,-0.038350143
310B_20210708,310B,20210708,7/8/2021,Oat,Fallow,112.3474861,0.081552998,-0.118579757,0.054265385,-0.06050425
310C_20210708,310C,20210708,7/8/2021,Oat,Under,108.6399475,0.114214414,-0.05358963,0.076372939,-0.014374682
401A_20210708,401A,20210708,7/8/2021,Oat,Under,120.0984506,0.047507369,-0.149465088,0.033196105,-0.074023841
401B_20210708,401B,20210708,7/8/2021,Oat,Fallow,118.6694518,0.056407838,-0.141502457,0.038979201,-0.069849008
401C_20210708,401C,20210708,7/8/2021,Oat,Post,119.3052484,0.045620278,-0.148333199,0.031690856,-0.071170501
402A_20210708,402A,20210708,7/8/2021,Oat,Under,125.4368068,0.10147339,-0.090777708,0.069999308,-0.048332798
402B_20210708,402B,20210708,7/8/2021,Oat,Fallow,122.2885281,0.121850777,-0.040077068,0.084423838,-0.007900086
402C_20210708,402C,20210708,7/8/2021,Oat,Post,130.4246768,0.113473024,-0.036823637,0.079775399,0.00596986
403A_20210708,403A,20210708,7/8/2021,Oat,Under,118.6365483,0.041637923,-0.159612024,0.028209182,-0.079430444
403B_20210708,403B,20210708,7/8/2021,Oat,Fallow,117.4297487,0.051419389,-0.127555837,0.03497025,-0.049440821
403C_20210708,403C,20210708,7/8/2021,Oat,Post,113.6069271,0.035817587,-0.156304907,0.024324043,-0.073529056
404A_20210708,404A,20210708,7/8/2021,Soy,Under,120.5967194,0.218757121,0.138350886,0.147958092,0.099269806
404B_20210708,404B,20210708,7/8/2021,Soy,Fallow,113.9870225,0.1230473,-0.026149068,0.08150525,0.000388186
404C_20210708,404C,20210708,7/8/2021,Soy,Post,118.212789,0.092270991,-0.058697222,0.060633799,-0.008684291
405A_20210708,405A,20210708,7/8/2021,Oat,Under,113.0280184,0.069683724,-0.122344936,0.045611008,-0.055942031
405B_20210708,405B,20210708,7/8/2021,Oat,Fallow,106.9354391,0.042686169,-0.171334126,0.026080746,-0.086235617
405C_20210708,405C,20210708,7/8/2021,Oat,Post,128.8967608,0.009476964,-0.226207779,0.002310092,-0.121885377
406A_20210708,406A,20210708,7/8/2021,Oat,Under,122.3840292,0.069929903,-0.093052491,0.04666147,-0.018200651
406B_20210708,406B,20210708,7/8/2021,Oat,Fallow,120.8176659,0.094901821,-0.072618049,0.064041618,-0.019327293
406C_20210708,406C,20210708,7/8/2021,Oat,Post,118.8557257,0.060417744,-0.138620666,0.03894902,-0.064481239
407A_20210708,407A,20210708,7/8/2021,Oat,Under,111.689303,0.045754857,-0.183124928,0.030055764,-0.101891205
407B_20210708,407B,20210708,7/8/2021,Oat,Fallow,111.4800168,0.04212979,-0.187004493,0.025879008,-0.100593023
407C_20210708,407C,20210708,7/8/2021,Oat,Post,113.48497,0.039870977,-0.188730352,0.024743101,-0.102520009
408A_20210708,408A,20210708,7/8/2021,Oat,Under,105.3151999,0.035205585,-0.199278221,0.02154703,-0.112920842
408B_20210708,408B,20210708,7/8/2021,Oat,Fallow,107.6480599,0.036575542,-0.180376081,0.02189376,-0.090111908
408C_20210708,408C,20210708,7/8/2021,Oat,Post,107.2263193,0.039450385,-0.18507824,0.024755599,-0.098967848
409A_20210708,409A,20210708,7/8/2021,Oat,Under,108.7279589,0.036304159,-0.207319779,0.021227435,-0.115411776
409B_20210708,409B,20210708,7/8/2021,Oat,Fallow,106.1114902,0.064340978,-0.135751005,0.041999225,-0.064924898
409C_20210708,409C,20210708,7/8/2021,Oat,Post,107.9078691,0.046797986,-0.18351556,0.028581212,-0.097768314
410A_20210708,410A,20210708,7/8/2021,Oat,Under,114.3972527,0.093711343,-0.092985046,0.062304503,-0.041023996
410B_20210708,410B,20210708,7/8/2021,Oat,Fallow,110.6194049,0.123050589,-0.039117021,0.082480506,-0.006625096
410C_20210708,410C,20210708,7/8/2021,Oat,Post,110.8505387,0.110558256,-0.06468353,0.073470699,-0.022193708
101A_20210821,101A,20210821,8/21/2021,Oat,Fallow,132.4891015,0.046686398,-0.109580453,0.029895164,-0.021067115
101B_20210821,101B,20210821,8/21/2021,Oat,Post,130.6063719,-0.000685728,-0.18027676,-0.003775097,-0.069560468
101C_20210821,101C,20210821,8/21/2021,Oat,Under,134.8239591,0.032847771,-0.142220333,0.021085054,-0.045447362
102A_20210821,102A,20210821,8/21/2021,Oat,Fallow,131.1131575,0.094839959,-0.05531645,0.065314041,0.004531942
102B_20210821,102B,20210821,8/21/2021,Oat,Post,137.1659954,0.027923436,-0.142933226,0.017450924,-0.041281415
102C_20210821,102C,20210821,8/21/2021,Oat,Under,135.7793735,0.041706894,-0.115654995,0.0281589,-0.020764584
103A_20210821,103A,20210821,8/21/2021,Oat,Fallow,137.5260557,0.056720411,-0.119314274,0.038826534,-0.042734416
103B_20210821,103B,20210821,8/21/2021,Oat,Post,134.5765837,0.030674249,-0.141682385,0.019037376,-0.047290617
103C_20210821,103C,20210821,8/21/2021,Oat,Under,133.5315894,0.039706356,-0.135723452,0.025504527,-0.043804058
104A_20210821,104A,20210821,8/21/2021,Oat,Fallow,131.8322427,0.045340988,-0.104889574,0.030544658,-0.014639367
104B_20210821,104B,20210821,8/21/2021,Oat,Post,128.7807629,0.024938297,-0.138772909,0.015319344,-0.034167171
104C_20210821,104C,20210821,8/21/2021,Oat,Under,143.9581541,0.035762664,-0.113107947,0.023769813,-0.013228231
105A_20210821,105A,20210821,8/21/2021,Oat,Fallow,138.3431996,0.033844695,-0.141582712,0.022486939,-0.046982457
105B_20210821,105B,20210821,8/21/2021,Oat,Post,138.6249542,0.045658234,-0.130642269,0.030798815,-0.046507866
105C_20210821,105C,20210821,8/21/2021,Oat,Under,135.3345743,0.025940231,-0.137967794,0.016471959,-0.039707152
106A_20210821,106A,20210821,8/21/2021,Soy,Fallow,121.8260369,0.002737573,-0.17112804,-0.002113751,-0.062883997
106B_20210821,106B,20210821,8/21/2021,Soy,Post,129.8535888,-0.004129111,-0.175491457,-0.004276657,-0.066414027
106C_20210821,106C,20210821,8/21/2021,Soy,Under,134.4675842,0.0280923,-0.124275037,0.016548656,-0.030593262
107A_20210821,107A,20210821,8/21/2021,Oat,Fallow,124.4466402,0.021719041,-0.114627167,0.013045236,0.007666402
107B_20210821,107B,20210821,8/21/2021,Oat,Post,130.4339694,-0.004545002,-0.159771302,-0.005811318,-0.037676116
107C_20210821,107C,20210821,8/21/2021,Oat,Under,138.7208109,-0.001730487,-0.16444977,-0.00315197,-0.049027255
108A_20210821,108A,20210821,8/21/2021,Oat,Fallow,128.108988,0.032188659,-0.106112206,0.020685337,0.009757739
108B_20210821,108B,20210821,8/21/2021,Oat,Post,128.9265189,0.005227107,-0.155380382,0.001014128,-0.030493347
108C_20210821,108C,20210821,8/21/2021,Oat,Under,131.7705703,0.006072175,-0.151921422,0.001557448,-0.034814735
109A_20210821,109A,20210821,8/21/2021,Oat,Fallow,140.8840931,0.02804304,-0.146997989,0.020253493,-0.060047879
109B_20210821,109B,20210821,8/21/2021,Oat,Post,130.2128493,0.018093388,-0.181100171,0.01019123,-0.086052351
109C_20210821,109C,20210821,8/21/2021,Oat,Under,131.9642646,0.001645309,-0.191463493,-0.001676532,-0.080651612
110A_20210821,110A,20210821,8/21/2021,Oat,Fallow,124.335813,-0.024198817,-0.188585024,-0.020885893,-0.051484106
110B_20210821,110B,20210821,8/21/2021,Oat,Post,126.1664372,-0.046260003,-0.243668549,-0.038344331,-0.114634206
110C_20210821,110C,20210821,8/21/2021,Oat,Under,127.6144415,-0.046575908,-0.23950378,-0.039277213,-0.103993667
201A_20210821,201A,20210821,8/21/2021,Oat,Under,125.7706209,-0.034978189,-0.225844309,-0.030910194,-0.086195208
201B_20210821,201B,20210821,8/21/2021,Oat,Fallow,123.225913,-0.061930819,-0.276015935,-0.051456184,-0.139424468
201C_20210821,201C,20210821,8/21/2021,Oat,Post,124.8998031,-0.053115052,-0.249475548,-0.042851497,-0.118133542
202A_20210821,202A,20210821,8/21/2021,Oat,Under,124.2539013,0.086484194,-0.130535118,0.059303531,-0.066547349
202B_20210821,202B,20210821,8/21/2021,Oat,Fallow,127.3304126,0.099226361,-0.12077709,0.0677079,-0.0731935
202C_20210821,202C,20210821,8/21/2021,Oat,Post,128.9934808,0.059942478,-0.1518104,0.040729962,-0.082019048
203A_20210821,203A,20210821,8/21/2021,Soy,Under,120.7480916,-0.011693971,-0.211849118,-0.015291178,-0.105451509
203B_20210821,203B,20210821,8/21/2021,Soy,Fallow,121.0745709,-0.048682709,-0.282981017,-0.039778368,-0.163136465
203C_20210821,203C,20210821,8/21/2021,Soy,Post,125.4349032,-0.012074899,-0.219797089,-0.012568748,-0.113777722
204A_20210821,204A,20210821,8/21/2021,Oat,Under,128.3967608,0.063193652,-0.103225447,0.042448351,-0.022093667
204B_20210821,204B,20210821,8/21/2021,Oat,Fallow,129.2971945,0.063365547,-0.146803312,0.043146338,-0.075896625
204C_20210821,204C,20210821,8/21/2021,Oat,Post,135.2625694,0.037508017,-0.156765986,0.025589331,-0.072171771
205A_20210821,205A,20210821,8/21/2021,Oat,Under,132.5636622,0.087905523,-0.074900021,0.060251224,-0.013134617
205B_20210821,205B,20210821,8/21/2021,Oat,Fallow,136.152934,0.053117419,-0.130018131,0.037135456,-0.052668222
205C_20210821,205C,20210821,8/21/2021,Oat,Post,130.716331,0.027445304,-0.172154333,0.018143992,-0.082029701
206A_20210821,206A,20210821,8/21/2021,Oat,Under,131.0085898,-0.02905422,-0.237868094,-0.026031357,-0.113386465
206B_20210821,206B,20210821,8/21/2021,Oat,Fallow,129.2404463,-0.015815883,-0.219040477,-0.015044353,-0.105375285
206C_20210821,206C,20210821,8/21/2021,Oat,Post,128.4365006,0.009285128,-0.195343746,0.004094559,-0.095345287
207A_20210821,207A,20210821,8/21/2021,Oat,Under,135.8252123,-0.002168006,-0.196921173,-0.004749065,-0.085413265
207B_20210821,207B,20210821,8/21/2021,Oat,Fallow,131.9882335,0.040905628,-0.152986998,0.026982068,-0.068302302
207C_20210821,207C,20210821,8/21/2021,Oat,Post,127.7272452,0.059587611,-0.138957577,0.040920937,-0.070593446
208A_20210821,208A,20210821,8/21/2021,Oat,Under,128.218697,-0.038048976,-0.228391774,-0.032430437,-0.095343591
208B_20210821,208B,20210821,8/21/2021,Oat,Fallow,127.0750725,-0.036726692,-0.258680707,-0.0310611,-0.134211317
208C_20210821,208C,20210821,8/21/2021,Oat,Post,122.22932,-0.043134576,-0.265890296,-0.036534481,-0.145595894
209A_20210821,209A,20210821,8/21/2021,Oat,Under,127.3806536,0.05445665,-0.148152402,0.035798026,-0.06594057
209B_20210821,209B,20210821,8/21/2021,Oat,Fallow,131.2027935,0.091059521,-0.113813872,0.064917347,-0.067283932
209C_20210821,209C,20210821,8/21/2021,Oat,Post,127.6897219,0.079899034,-0.136711737,0.054966386,-0.079388541
210A_20210821,210A,20210821,8/21/2021,Oat,Under,123.814884,-0.019917582,-0.244326399,-0.020573594,-0.112445174
210B_20210821,210B,20210821,8/21/2021,Oat,Fallow,133.3237367,0.043013652,-0.156576126,0.028428277,-0.067320431
210C_20210821,210C,20210821,8/21/2021,Oat,Post,128.4347097,0.034280309,-0.182412075,0.021831886,-0.091763362
301A_20210821,301A,20210821,8/21/2021,Oat,Post,135.7447286,0.060933338,-0.102823347,0.04113241,-0.026652986
301B_20210821,301B,20210821,8/21/2021,Oat,Fallow,130.9069209,0.073606974,-0.079488643,0.049800661,-0.012228635
301C_20210821,301C,20210821,8/21/2021,Oat,Under,130.4666957,0.061911178,-0.081005817,0.041562472,-0.000490663
302A_20210821,302A,20210821,8/21/2021,Oat,Post,131.731827,0.065812056,-0.101656587,0.043819402,-0.022064232
302B_20210821,302B,20210821,8/21/2021,Oat,Fallow,127.781649,0.111687575,-0.033863575,0.075538946,0.00911793
302C_20210821,302C,20210821,8/21/2021,Oat,Under,136.9117149,0.065081917,-0.088254229,0.043652063,-0.011636288
303A_20210821,303A,20210821,8/21/2021,Soy,Post,121.6409222,-0.007682476,-0.215940317,-0.008750075,-0.10964588
303B_20210821,303B,20210821,8/21/2021,Soy,Fallow,133.6470188,0.010118004,-0.169704419,0.004102886,-0.07366986
303C_20210821,303C,20210821,8/21/2021,Soy,Under,121.7068696,0.048774185,-0.098382482,0.029763988,-0.011652994
304A_20210821,304A,20210821,8/21/2021,Oat,Post,132.5209766,0.020936446,-0.156406245,0.012855391,-0.056189105
304B_20210821,304B,20210821,8/21/2021,Oat,Fallow,138.7229268,0.04442802,-0.105314568,0.031857458,-0.016637678
304C_20210821,304C,20210821,8/21/2021,Oat,Under,123.6492033,0.024742785,-0.130107984,0.014518569,-0.024150827
305A_20210821,305A,20210821,8/21/2021,Oat,Post,133.6031343,0.015323873,-0.159308268,0.008506826,-0.052399539
305B_20210821,305B,20210821,8/21/2021,Oat,Fallow,123.186902,0.058210186,-0.088502506,0.038744801,-0.002148758
305C_20210821,305C,20210821,8/21/2021,Oat,Under,135.3306959,0.059347531,-0.089524286,0.040819934,-0.006639575
306A_20210821,306A,20210821,8/21/2021,Oat,Post,130.2942565,-0.0260069,-0.205147785,-0.02270222,-0.079587407
306B_20210821,306B,20210821,8/21/2021,Oat,Fallow,138.3344067,-0.011564723,-0.180750761,-0.011164885,-0.057573121
306C_20210821,306C,20210821,8/21/2021,Oat,Under,133.7313056,0.007528593,-0.155148166,0.002932946,-0.044001741
307A_20210821,307A,20210821,8/21/2021,Oat,Post,130.897498,-0.014154007,-0.1819614,-0.013643808,-0.059630308
307B_20210821,307B,20210821,8/21/2021,Oat,Fallow,140.734545,-0.022868011,-0.188011965,-0.019523395,-0.05945389
307C_20210821,307C,20210821,8/21/2021,Oat,Under,130.9246557,0.002174578,-0.143812703,-0.00046667,-0.022617584
308A_20210821,308A,20210821,8/21/2021,Oat,Post,125.9052439,-0.020058742,-0.184070604,-0.01875475,-0.058609314
308B_20210821,308B,20210821,8/21/2021,Oat,Fallow,133.610143,0.000330354,-0.145727319,-0.003474418,-0.016815144
308C_20210821,308C,20210821,8/21/2021,Oat,Under,132.473594,-0.019510135,-0.179190864,-0.017879724,-0.043242862
309A_20210821,309A,20210821,8/21/2021,Oat,Post,125.5024522,-0.031600048,-0.239773814,-0.027133194,-0.123968066
309B_20210821,309B,20210821,8/21/2021,Oat,Fallow,129.210505,-0.006043353,-0.214301374,-0.008411793,-0.09932724
309C_20210821,309C,20210821,8/21/2021,Oat,Under,131.6712565,-0.005333574,-0.201166672,-0.007511423,-0.089236087
310A_20210821,310A,20210821,8/21/2021,Oat,Post,122.5174484,-0.069409157,-0.303896842,-0.057487279,-0.16694431
310B_20210821,310B,20210821,8/21/2021,Oat,Fallow,127.1498025,-0.028506209,-0.219279634,-0.024902967,-0.092393293
310C_20210821,310C,20210821,8/21/2021,Oat,Under,126.5341386,-0.015550384,-0.190945698,-0.015325057,-0.06682973
401A_20210821,401A,20210821,8/21/2021,Oat,Under,125.1358033,-0.053901016,-0.275491668,-0.045749553,-0.129935423
401B_20210821,401B,20210821,8/21/2021,Oat,Fallow,123.8752797,-0.065352481,-0.292565081,-0.054001166,-0.160423472
401C_20210821,401C,20210821,8/21/2021,Oat,Post,121.6294691,-0.054691717,-0.257580079,-0.044777132,-0.130285875
402A_20210821,402A,20210821,8/21/2021,Oat,Under,135.1995794,0.083743549,-0.10228968,0.060268358,-0.049375749
402B_20210821,402B,20210821,8/21/2021,Oat,Fallow,128.4634683,0.055766559,-0.166966675,0.037427636,-0.092573907
402C_20210821,402C,20210821,8/21/2021,Oat,Post,118.3807693,-0.036185957,-0.259205248,-0.031651038,-0.134953246
403A_20210821,403A,20210821,8/21/2021,Oat,Under,131.6105625,-0.019461565,-0.230298222,-0.017286812,-0.113224402
403B_20210821,403B,20210821,8/21/2021,Oat,Fallow,120.1647657,-0.042488782,-0.266276787,-0.035846535,-0.141533569
403C_20210821,403C,20210821,8/21/2021,Oat,Post,120.970562,-0.013269054,-0.223848726,-0.013763506,-0.11430902
404A_20210821,404A,20210821,8/21/2021,Soy,Under,125.0947217,-0.020341515,-0.228956182,-0.020028272,-0.121004718
404B_20210821,404B,20210821,8/21/2021,Soy,Fallow,122.6660478,0.003249835,-0.206567158,-0.000345968,-0.111676825
404C_20210821,404C,20210821,8/21/2021,Soy,Post,120.8554321,-0.00275308,-0.22997487,-0.005478558,-0.121851273
405A_20210821,405A,20210821,8/21/2021,Oat,Under,135.9605972,0.058438883,-0.137520299,0.039991033,-0.058243879
405B_20210821,405B,20210821,8/21/2021,Oat,Fallow,128.3229567,-0.000744014,-0.213389939,-0.003626581,-0.110344181
405C_20210821,405C,20210821,8/21/2021,Oat,Post,126.3186937,0.017746564,-0.196572228,0.010176217,-0.103589222
406A_20210821,406A,20210821,8/21/2021,Oat,Under,125.4390052,-0.009158744,-0.208405637,-0.011947961,-0.091049064
406B_20210821,406B,20210821,8/21/2021,Oat,Fallow,121.6282961,-0.029531108,-0.249271281,-0.026057362,-0.133254121
406C_20210821,406C,20210821,8/21/2021,Oat,Post,128.8786885,-0.007640764,-0.218203983,-0.008456791,-0.108238473
407A_20210821,407A,20210821,8/21/2021,Oat,Under,128.0632179,0.044258733,-0.135808824,0.028526019,-0.042251188
407B_20210821,407B,20210821,8/21/2021,Oat,Fallow,130.984888,0.0491741,-0.144764824,0.032591742,-0.066367096
407C_20210821,407C,20210821,8/21/2021,Oat,Post,130.6846307,0.069992925,-0.145574708,0.047799915,-0.078161633
408A_20210821,408A,20210821,8/21/2021,Oat,Under,127.9836854,-0.005140593,-0.2096102,-0.007582951,-0.096145078
408B_20210821,408B,20210821,8/21/2021,Oat,Fallow,130.9979897,0.008301201,-0.204012146,0.003121168,-0.104684721
408C_20210821,408C,20210821,8/21/2021,Oat,Post,126.5888668,-0.014436676,-0.23515161,-0.014094676,-0.120614707
409A_20210821,409A,20210821,8/21/2021,Oat,Under,130.8924484,0.124127235,-0.066036686,0.085841928,-0.034764172
409B_20210821,409B,20210821,8/21/2021,Oat,Fallow,133.4304341,0.07535076,-0.114888261,0.05208994,-0.055434449
409C_20210821,409C,20210821,8/21/2021,Oat,Post,124.3440779,0.072177502,-0.122115485,0.049469631,-0.060381593
410A_20210821,410A,20210821,8/21/2021,Oat,Under,130.4118753,0.065009315,-0.140767459,0.043967357,-0.064046336
410B_20210821,410B,20210821,8/21/2021,Oat,Fallow,134.7588291,0.122443821,-0.071465673,0.086924276,-0.043694998
410C_20210821,410C,20210821,8/21/2021,Oat,Post,126.8135483,0.049777615,-0.150583659,0.034085764,-0.075238348
101A_20210909,101A,20210909,9/9/2021,Oat,Fallow,108.093973,0.057528329,-0.142921919,0.034468763,-0.07190317
101B_20210909,101B,20210909,9/9/2021,Oat,Post,110.8119623,0.011685655,-0.206517291,-0.000611245,-0.100973469
101C_20210909,101C,20210909,9/9/2021,Oat,Under,112.0672434,0.15942865,0.018745932,0.101632587,0.017377002
102A_20210909,102A,20210909,9/9/2021,Oat,Fallow,113.2744541,0.034322402,-0.183240197,0.018220405,-0.097015163
102B_20210909,102B,20210909,9/9/2021,Oat,Post,110.3084932,0.004440229,-0.229559401,-0.004610919,-0.117267033
102C_20210909,102C,20210909,9/9/2021,Oat,Under,116.2167855,0.115267577,-0.048529416,0.072321457,-0.01818177
103A_20210909,103A,20210909,9/9/2021,Oat,Fallow,103.7037784,0.051466244,-0.158679882,0.030260644,-0.07512978
103B_20210909,103B,20210909,9/9/2021,Oat,Post,117.8733544,0.020153702,-0.199264526,0.007986045,-0.096514416
103C_20210909,103C,20210909,9/9/2021,Oat,Under,126.7632066,0.09950912,-0.059461301,0.064463789,-0.017929791
104A_20210909,104A,20210909,9/9/2021,Oat,Fallow,114.2600257,0.014129041,-0.205632808,0.004808626,-0.107033564
104B_20210909,104B,20210909,9/9/2021,Oat,Post,114.7312875,0.006966407,-0.226547289,-0.001405548,-0.120849011
104C_20210909,104C,20210909,9/9/2021,Oat,Under,114.9344288,0.168596106,0.04479093,0.10773765,0.036535822
105A_20210909,105A,20210909,9/9/2021,Oat,Fallow,117.7298402,0.015612591,-0.199476121,0.005303315,-0.099825372
105B_20210909,105B,20210909,9/9/2021,Oat,Post,116.0847039,0.017983399,-0.205259863,0.007595019,-0.106308106
105C_20210909,105C,20210909,9/9/2021,Oat,Under,111.7317046,0.170890018,0.047081674,0.110091468,0.04065766
106A_20210909,106A,20210909,9/9/2021,Soy,Fallow,91.04638613,-0.004882962,-0.208182323,-0.009666926,-0.080111561
106B_20210909,106B,20210909,9/9/2021,Soy,Post,107.880706,0.014629724,-0.188360427,0.004756027,-0.082698204
106C_20210909,106C,20210909,9/9/2021,Soy,Under,112.5015829,0.075423233,-0.108547321,0.045645334,-0.045858852
107A_20210909,107A,20210909,9/9/2021,Oat,Fallow,98.41482473,-0.001265279,-0.241291742,-0.007214153,-0.131715503
107B_20210909,107B,20210909,9/9/2021,Oat,Post,113.0391894,0.043711438,-0.158523705,0.026825866,-0.078956295
107C_20210909,107C,20210909,9/9/2021,Oat,Under,122.3158612,0.122538109,-0.033112441,0.080973717,-0.008637792
108A_20210909,108A,20210909,9/9/2021,Oat,Fallow,108.3334151,0.043035789,-0.168465853,0.025603791,-0.088747999
108B_20210909,108B,20210909,9/9/2021,Oat,Post,108.9641308,0.037623722,-0.187573354,0.021399156,-0.09702819
108C_20210909,108C,20210909,9/9/2021,Oat,Under,107.9877163,0.117971531,-0.045289166,0.076423475,-0.016484653
109A_20210909,109A,20210909,9/9/2021,Oat,Fallow,112.3427885,0.011642641,-0.198601445,0.004297586,-0.101403616
109B_20210909,109B,20210909,9/9/2021,Oat,Post,111.2076719,0.036789084,-0.176196453,0.021342508,-0.089188554
109C_20210909,109C,20210909,9/9/2021,Oat,Under,125.3833975,0.165544117,0.04511376,0.110322916,0.042062916
110A_20210909,110A,20210909,9/9/2021,Oat,Fallow,115.9099192,0.009607003,-0.201276653,0.002925206,-0.102643128
110B_20210909,110B,20210909,9/9/2021,Oat,Post,117.5670867,0.051921524,-0.152329653,0.030205837,-0.074644084
110C_20210909,110C,20210909,9/9/2021,Oat,Under,122.1914736,0.156242981,0.02624917,0.102102797,0.025340277
201A_20210909,201A,20210909,9/9/2021,Oat,Under,121.5251998,0.199538182,0.07868762,0.130326098,0.044788911
201B_20210909,201B,20210909,9/9/2021,Oat,Fallow,124.2833393,0.035596462,-0.160031127,0.020539136,-0.076604482
201C_20210909,201C,20210909,9/9/2021,Oat,Post,127.1163367,0.033354662,-0.169023178,0.019014066,-0.082751524
202A_20210909,202A,20210909,9/9/2021,Oat,Under,120.9920932,0.294937819,0.230937755,0.194091235,0.123456944
202B_20210909,202B,20210909,9/9/2021,Oat,Fallow,113.256269,0.021235424,-0.199280431,0.009675074,-0.097432147
202C_20210909,202C,20210909,9/9/2021,Oat,Post,113.834115,0.064957502,-0.121395977,0.038757965,-0.052944693
203A_20210909,203A,20210909,9/9/2021,Soy,Under,122.9625298,0.138432494,-0.007985404,0.091070841,0.0020638
203B_20210909,203B,20210909,9/9/2021,Soy,Fallow,123.1773303,-0.002433761,-0.211794208,-0.006003604,-0.102319565
203C_20210909,203C,20210909,9/9/2021,Soy,Post,120.5477931,0.008832025,-0.204969245,0.001499039,-0.10234717
204A_20210909,204A,20210909,9/9/2021,Oat,Under,128.0706889,0.196261744,0.072132279,0.130678439,0.042185175
204B_20210909,204B,20210909,9/9/2021,Oat,Fallow,121.7881978,0.02934927,-0.187897568,0.017384274,-0.097522451
204C_20210909,204C,20210909,9/9/2021,Oat,Post,118.5827617,0.0472558,-0.156404909,0.029397702,-0.079331305
205A_20210909,205A,20210909,9/9/2021,Oat,Under,127.7407158,0.093157708,-0.081090733,0.062039168,-0.035691672
205B_20210909,205B,20210909,9/9/2021,Oat,Fallow,120.4482189,0.049731496,-0.148129732,0.032118356,-0.072458235
205C_20210909,205C,20210909,9/9/2021,Oat,Post,122.4441241,0.01913101,-0.191209643,0.009764839,-0.095120491
206A_20210909,206A,20210909,9/9/2021,Oat,Under,126.2219177,0.222150896,0.127700296,0.147708134,0.082888886
206B_20210909,206B,20210909,9/9/2021,Oat,Fallow,125.5876654,0.030050718,-0.174572593,0.018373885,-0.085938243
206C_20210909,206C,20210909,9/9/2021,Oat,Post,120.6979434,0.0217184,-0.185451401,0.011625344,-0.091037497
207A_20210909,207A,20210909,9/9/2021,Oat,Under,125.3480594,0.127964157,-0.014912014,0.085289834,0.01137231
207B_20210909,207B,20210909,9/9/2021,Oat,Fallow,113.7776278,0.035110746,-0.172311226,0.0202318,-0.081798853
207C_20210909,207C,20210909,9/9/2021,Oat,Post,118.7693617,0.028544329,-0.182013487,0.0160423,-0.092619864
208A_20210909,208A,20210909,9/9/2021,Oat,Under,131.4966895,0.132269125,-0.007986569,0.087155191,0.011682363
208B_20210909,208B,20210909,9/9/2021,Oat,Fallow,120.1416841,0.024183712,-0.188413857,0.013162657,-0.094736262
208C_20210909,208C,20210909,9/9/2021,Oat,Post,122.7354564,0.035524077,-0.169059299,0.020807459,-0.084937363
209A_20210909,209A,20210909,9/9/2021,Oat,Under,127.16967,0.198205144,0.086759061,0.132160393,0.05836897
209B_20210909,209B,20210909,9/9/2021,Oat,Fallow,118.1759601,0.168423735,-0.002409451,0.113680523,-0.013987541
209C_20210909,209C,20210909,9/9/2021,Oat,Post,116.0348818,0.080846735,-0.113515043,0.053602613,-0.058534423
210A_20210909,210A,20210909,9/9/2021,Oat,Under,129.6715212,0.154237382,0.037584904,0.102938648,0.045105717
210B_20210909,210B,20210909,9/9/2021,Oat,Fallow,118.6398209,0.049845597,-0.147117496,0.032100841,-0.068680215
210C_20210909,210C,20210909,9/9/2021,Oat,Post,118.0035758,0.020474451,-0.192590412,0.010129848,-0.090350772
301A_20210909,301A,20210909,9/9/2021,Oat,Post,114.9494715,0.041990053,-0.172030474,0.022374238,-0.082966434
301B_20210909,301B,20210909,9/9/2021,Oat,Fallow,109.7877095,0.026671338,-0.20244162,0.01195949,-0.109364061
301C_20210909,301C,20210909,9/9/2021,Oat,Under,114.6674481,0.220235545,0.115830271,0.142531214,0.066956304
302A_20210909,302A,20210909,9/9/2021,Oat,Post,109.4251771,0.017742188,-0.210960715,0.005061675,-0.110543872
302B_20210909,302B,20210909,9/9/2021,Oat,Fallow,111.4094418,0.004456864,-0.234365439,-0.003332555,-0.122199544
302C_20210909,302C,20210909,9/9/2021,Oat,Under,118.3516134,0.21167358,0.106118809,0.137086546,0.063868429
303A_20210909,303A,20210909,9/9/2021,Soy,Post,112.784531,0.016712394,-0.180117861,0.006825775,-0.07796971
303B_20210909,303B,20210909,9/9/2021,Soy,Fallow,98.01331751,0.064379835,-0.101942147,0.039680671,-0.022653759
303C_20210909,303C,20210909,9/9/2021,Soy,Under,114.0607435,0.21561125,0.116063434,0.138517594,0.065699986
304A_20210909,304A,20210909,9/9/2021,Oat,Post,115.6190287,0.036249067,-0.182041745,0.018908991,-0.095858201
304B_20210909,304B,20210909,9/9/2021,Oat,Fallow,107.4488277,0.033136064,-0.185455183,0.016912895,-0.096828099
304C_20210909,304C,20210909,9/9/2021,Oat,Under,114.1043929,0.198507399,0.081385935,0.12828741,0.04798408
305A_20210909,305A,20210909,9/9/2021,Oat,Post,119.3712301,0.034140886,-0.177959197,0.017986683,-0.091571033
305B_20210909,305B,20210909,9/9/2021,Oat,Fallow,119.8021338,0.023811373,-0.181126971,0.010773046,-0.08866207
305C_20210909,305C,20210909,9/9/2021,Oat,Under,119.7296895,0.225391715,0.129297224,0.143920451,0.072515071
306A_20210909,306A,20210909,9/9/2021,Oat,Post,117.7325733,-0.001094785,-0.230163816,-0.007279777,-0.121875333
306B_20210909,306B,20210909,9/9/2021,Oat,Fallow,108.5333109,0.00309507,-0.227644345,-0.004802974,-0.120510611
306C_20210909,306C,20210909,9/9/2021,Oat,Under,120.4476444,0.156838482,0.028117735,0.102644728,0.02922867
307A_20210909,307A,20210909,9/9/2021,Oat,Post,115.0227398,0.026630137,-0.202967929,0.013388783,-0.109055487
307B_20210909,307B,20210909,9/9/2021,Oat,Fallow,109.9196929,-0.000849573,-0.222531761,-0.008316671,-0.109051209
307C_20210909,307C,20210909,9/9/2021,Oat,Under,118.1031837,0.140266024,0.000816551,0.090147225,0.012137729
308A_20210909,308A,20210909,9/9/2021,Oat,Post,121.610319,0.009093308,-0.20973195,0.001621739,-0.107792209
308B_20210909,308B,20210909,9/9/2021,Oat,Fallow,112.3532054,0.0362428,-0.171621887,0.020361247,-0.08685758
308C_20210909,308C,20210909,9/9/2021,Oat,Under,118.1021722,0.087466873,-0.089266133,0.055015336,-0.034105991
309A_20210909,309A,20210909,9/9/2021,Oat,Post,120.3889336,0.028485587,-0.181596611,0.016872364,-0.093820948
309B_20210909,309B,20210909,9/9/2021,Oat,Fallow,117.8627651,0.069855166,-0.131136547,0.046871063,-0.06888938
309C_20210909,309C,20210909,9/9/2021,Oat,Under,127.3852065,0.159572851,0.022593396,0.106165018,0.01957904
310A_20210909,310A,20210909,9/9/2021,Oat,Post,117.4000557,0.027440965,-0.19844969,0.014014924,-0.10566101
310B_20210909,310B,20210909,9/9/2021,Oat,Fallow,116.661909,0.045796914,-0.17288139,0.027599232,-0.091762638
310C_20210909,310C,20210909,9/9/2021,Oat,Under,120.5249942,0.15072896,0.021716602,0.098104423,0.031130064
401A_20210909,401A,20210909,9/9/2021,Oat,Under,121.562984,0.268510759,0.20883435,0.176795692,0.130059497
401B_20210909,401B,20210909,9/9/2021,Oat,Fallow,118.2229171,0.031322359,-0.186285181,0.018107833,-0.09758812
401C_20210909,401C,20210909,9/9/2021,Oat,Post,119.9081494,0.002852981,-0.219130165,-0.00361826,-0.10753715
402A_20210909,402A,20210909,9/9/2021,Oat,Under,128.0802746,0.285268797,0.22408507,0.188053978,0.126460685
402B_20210909,402B,20210909,9/9/2021,Oat,Fallow,117.6798753,0.030198153,-0.19181869,0.015963504,-0.096899211
402C_20210909,402C,20210909,9/9/2021,Oat,Post,123.0132663,0.01527154,-0.196886454,0.006046804,-0.099364116
403A_20210909,403A,20210909,9/9/2021,Oat,Under,133.092964,0.228190651,0.136497813,0.150374536,0.084054827
403B_20210909,403B,20210909,9/9/2021,Oat,Fallow,117.4943976,0.006314646,-0.211421268,-0.00100689,-0.1066395
403C_20210909,403C,20210909,9/9/2021,Oat,Post,116.4681086,0.02505193,-0.179457181,0.013877127,-0.089255216
404A_20210909,404A,20210909,9/9/2021,Soy,Under,118.2093494,0.161808724,0.024340952,0.107109684,0.018435785
404B_20210909,404B,20210909,9/9/2021,Soy,Fallow,112.1672124,-0.00713182,-0.222985625,-0.009743239,-0.105274927
404C_20210909,404C,20210909,9/9/2021,Soy,Post,123.4133738,0.011739232,-0.191857992,0.003734085,-0.091998351
405A_20210909,405A,20210909,9/9/2021,Oat,Under,125.3618935,0.292064684,0.242933839,0.192736661,0.145987991
405B_20210909,405B,20210909,9/9/2021,Oat,Fallow,106.7183305,-0.003527929,-0.21333778,-0.008158945,-0.097240761
405C_20210909,405C,20210909,9/9/2021,Oat,Post,119.4276154,0.035593884,-0.161180617,0.019866672,-0.070991626
406A_20210909,406A,20210909,9/9/2021,Oat,Under,137.7712551,0.184848287,0.061007082,0.122390087,0.034859709
406B_20210909,406B,20210909,9/9/2021,Oat,Fallow,111.2577911,0.053115627,-0.14483165,0.030265238,-0.067451888
406C_20210909,406C,20210909,9/9/2021,Oat,Post,126.360322,0.033818099,-0.173908577,0.0211987,-0.086342828
407A_20210909,407A,20210909,9/9/2021,Oat,Under,130.588182,0.225819102,0.133610245,0.15089567,0.086538884
407B_20210909,407B,20210909,9/9/2021,Oat,Fallow,116.0341289,0.031575623,-0.173193509,0.017981999,-0.080963086
407C_20210909,407C,20210909,9/9/2021,Oat,Post,117.2267213,0.032856169,-0.175297764,0.018652859,-0.081556171
408A_20210909,408A,20210909,9/9/2021,Oat,Under,134.7122278,0.185958156,0.07422232,0.123556995,0.054842422
408B_20210909,408B,20210909,9/9/2021,Oat,Fallow,118.9678006,0.051566319,-0.134258603,0.031810556,-0.062236247
408C_20210909,408C,20210909,9/9/2021,Oat,Post,121.2706216,0.034336631,-0.16145894,0.020374236,-0.080849296
409A_20210909,409A,20210909,9/9/2021,Oat,Under,131.0619876,0.228098724,0.134892745,0.151923259,0.084877275
409B_20210909,409B,20210909,9/9/2021,Oat,Fallow,118.3148792,0.025988616,-0.188735749,0.01416108,-0.092487999
409C_20210909,409C,20210909,9/9/2021,Oat,Post,122.9826781,0.019362765,-0.20097707,0.009502599,-0.103075419
410A_20210909,410A,20210909,9/9/2021,Oat,Under,131.1044562,0.151462804,0.034431739,0.101142056,0.042633069
410B_20210909,410B,20210909,9/9/2021,Oat,Fallow,114.8966156,0.019472919,-0.192812973,0.009218087,-0.092897421
410C_20210909,410C,20210909,9/9/2021,Oat,Post,117.2926778,0.008107154,-0.210880533,0.000930197,-0.106246396
101A_20210929,101A,20210929,9/29/2021,Oat,Fallow,134.0875087,0.006155717,-0.18091932,0.003278142,-0.081825697
101B_20210929,101B,20210929,9/29/2021,Oat,Post,134.9804593,0.040695908,-0.128725313,0.027661901,-0.047184556
101C_20210929,101C,20210929,9/29/2021,Oat,Under,143.0713062,0.228385374,0.160907996,0.155744318,0.126666909
102A_20210929,102A,20210929,9/29/2021,Oat,Fallow,131.368444,0.023753761,-0.156392081,0.016312776,-0.066751677
102B_20210929,102B,20210929,9/29/2021,Oat,Post,131.6153167,0.081140103,-0.086919875,0.056034307,-0.032333515
102C_20210929,102C,20210929,9/29/2021,Oat,Under,147.6994926,0.284874817,0.242164724,0.193191133,0.159565877
103A_20210929,103A,20210929,9/29/2021,Oat,Fallow,130.4049974,0.009785808,-0.186335087,0.005812574,-0.09060794
103B_20210929,103B,20210929,9/29/2021,Oat,Post,134.6510159,0.052573,-0.11599199,0.036659415,-0.042210733
103C_20210929,103C,20210929,9/29/2021,Oat,Under,140.6091893,0.214569334,0.140655645,0.146803858,0.116745972
104A_20210929,104A,20210929,9/29/2021,Oat,Fallow,128.9043361,0.022686652,-0.154562981,0.015667377,-0.06283847
104B_20210929,104B,20210929,9/29/2021,Oat,Post,135.5157444,0.067227803,-0.09233246,0.046644525,-0.02629573
104C_20210929,104C,20210929,9/29/2021,Oat,Under,141.0647846,0.31174217,0.284695047,0.209352401,0.181242638
105A_20210929,105A,20210929,9/29/2021,Oat,Fallow,129.092407,0.002508352,-0.183364339,0.000660442,-0.081153149
105B_20210929,105B,20210929,9/29/2021,Oat,Post,139.5582955,0.062410003,-0.10438559,0.043325232,-0.034157529
105C_20210929,105C,20210929,9/29/2021,Oat,Under,143.1573465,0.304894375,0.278379782,0.206416742,0.189427673
106A_20210929,106A,20210929,9/29/2021,Soy,Fallow,128.1882071,0.00240251,-0.181362854,0.00028833,-0.080076987
106B_20210929,106B,20210929,9/29/2021,Soy,Post,136.1775937,0.050309163,-0.106645905,0.03420831,-0.025563126
106C_20210929,106C,20210929,9/29/2021,Soy,Under,138.6732626,0.218319688,0.154236352,0.147454819,0.126345548
107A_20210929,107A,20210929,9/29/2021,Oat,Fallow,135.8794269,0.004142557,-0.178205487,0.000819542,-0.072108763
107B_20210929,107B,20210929,9/29/2021,Oat,Post,137.2806599,0.062858819,-0.094289416,0.043297971,-0.023363243
107C_20210929,107C,20210929,9/29/2021,Oat,Under,131.0885636,0.206440214,0.126946021,0.140324749,0.108103837
108A_20210929,108A,20210929,9/29/2021,Oat,Fallow,123.6518864,0.008553986,-0.195661494,0.004234382,-0.102130366
108B_20210929,108B,20210929,9/29/2021,Oat,Post,134.2132423,0.096100561,-0.065523498,0.066473444,-0.023948804
108C_20210929,108C,20210929,9/29/2021,Oat,Under,140.6180444,0.172755477,0.070127198,0.119711138,0.075455724
109A_20210929,109A,20210929,9/29/2021,Oat,Fallow,127.1913139,0.008226583,-0.18983195,0.004445517,-0.09113746
109B_20210929,109B,20210929,9/29/2021,Oat,Post,139.3147267,0.054638535,-0.111432865,0.038200381,-0.039087026
109C_20210929,109C,20210929,9/29/2021,Oat,Under,142.0723828,0.251684266,0.200481848,0.17159589,0.153336145
110A_20210929,110A,20210929,9/29/2021,Oat,Fallow,125.5835043,0.010448697,-0.175469383,0.005989082,-0.079182615
110B_20210929,110B,20210929,9/29/2021,Oat,Post,136.2345239,0.044289734,-0.12639364,0.030255144,-0.047064125
110C_20210929,110C,20210929,9/29/2021,Oat,Under,139.1543771,0.257894618,0.212965016,0.176145612,0.162623832
201A_20210929,201A,20210929,9/29/2021,Oat,Under,141.2152857,0.298641345,0.267891321,0.201249109,0.179655902
201B_20210929,201B,20210929,9/29/2021,Oat,Fallow,128.8504133,0.047616707,-0.115104956,0.032064121,-0.035745678
201C_20210929,201C,20210929,9/29/2021,Oat,Post,131.5064041,0.045734598,-0.113026187,0.031009295,-0.031035425
202A_20210929,202A,20210929,9/29/2021,Oat,Under,136.5374799,0.216312655,0.132667732,0.147612026,0.104629562
202B_20210929,202B,20210929,9/29/2021,Oat,Fallow,135.5198632,-0.009774718,-0.193789082,-0.008668852,-0.084012527
202C_20210929,202C,20210929,9/29/2021,Oat,Post,131.6199769,0.090856398,-0.049682795,0.061510012,0.002018487
203A_20210929,203A,20210929,9/29/2021,Soy,Under,144.5305212,0.352538137,0.356872171,0.235942849,0.232309628
203B_20210929,203B,20210929,9/29/2021,Soy,Fallow,132.3819502,-0.005214596,-0.192683454,-0.006232512,-0.083134131
203C_20210929,203C,20210929,9/29/2021,Soy,Post,130.060955,0.125006843,-0.001756851,0.085425872,0.026444923
204A_20210929,204A,20210929,9/29/2021,Oat,Under,140.0982245,0.305389648,0.257986694,0.20556653,0.152637966
204B_20210929,204B,20210929,9/29/2021,Oat,Fallow,124.3011398,0.036138167,-0.162947443,0.022871402,-0.081768673
204C_20210929,204C,20210929,9/29/2021,Oat,Post,127.3271575,0.06047454,-0.122419395,0.040327916,-0.053902359
205A_20210929,205A,20210929,9/29/2021,Oat,Under,136.2509621,0.290100611,0.227314781,0.193918984,0.126166612
205B_20210929,205B,20210929,9/29/2021,Oat,Fallow,126.6066094,-2.27e-05,-0.207017725,-0.002801782,-0.101545675
205C_20210929,205C,20210929,9/29/2021,Oat,Post,122.2476557,0.112592439,-0.03472901,0.076154227,-0.002011571
206A_20210929,206A,20210929,9/29/2021,Oat,Under,128.8214376,0.447813603,0.465988098,0.290510774,0.222670612
206B_20210929,206B,20210929,9/29/2021,Oat,Fallow,130.1333589,0.02334165,-0.177601187,0.014060498,-0.087883143
206C_20210929,206C,20210929,9/29/2021,Oat,Post,136.063758,0.090840507,-0.076375296,0.061560625,-0.02966234
207A_20210929,207A,20210929,9/29/2021,Oat,Under,128.766698,0.314539599,0.265629261,0.207144665,0.140818025
207B_20210929,207B,20210929,9/29/2021,Oat,Fallow,122.9604164,0.009547039,-0.213641415,0.002117382,-0.110931213
207C_20210929,207C,20210929,9/29/2021,Oat,Post,120.7721328,0.075652277,-0.121460468,0.048989601,-0.061042718
208A_20210929,208A,20210929,9/29/2021,Oat,Under,122.9584284,0.398848912,0.3930158,0.259205617,0.194501617
208B_20210929,208B,20210929,9/29/2021,Oat,Fallow,131.1261917,0.048583195,-0.142840336,0.032073408,-0.071803115
208C_20210929,208C,20210929,9/29/2021,Oat,Post,117.6389643,0.084295888,-0.088117029,0.054499611,-0.033544158
209A_20210929,209A,20210929,9/29/2021,Oat,Under,125.1686796,0.352179929,0.337954594,0.229416486,0.185902404
209B_20210929,209B,20210929,9/29/2021,Oat,Fallow,110.4588341,0.033754894,-0.171799198,0.019066806,-0.084365584
209C_20210929,209C,20210929,9/29/2021,Oat,Post,118.0018669,0.109080598,-0.058340519,0.071439842,-0.024548597
210A_20210929,210A,20210929,9/29/2021,Oat,Under,139.341281,0.396959779,0.417336588,0.261202109,0.243888041
210B_20210929,210B,20210929,9/29/2021,Oat,Fallow,128.0098876,0.026337987,-0.176427322,0.016962761,-0.09062408
210C_20210929,210C,20210929,9/29/2021,Oat,Post,127.5416186,0.072030775,-0.096463929,0.048366776,-0.033945702
301A_20210929,301A,20210929,9/29/2021,Oat,Post,133.5514442,0.08918344,-0.073006311,0.06046447,-0.025200471
301B_20210929,301B,20210929,9/29/2021,Oat,Fallow,121.7290126,0.002986218,-0.205965807,0.000187204,-0.108060117
301C_20210929,301C,20210929,9/29/2021,Oat,Under,129.5472023,0.100200647,-0.066287003,0.066761124,-0.033316534
302A_20210929,302A,20210929,9/29/2021,Oat,Post,132.1247818,0.101330425,-0.039234303,0.069281666,0.003698546
302B_20210929,302B,20210929,9/29/2021,Oat,Fallow,127.9898236,0.042931341,-0.148044055,0.029016121,-0.073486036
302C_20210929,302C,20210929,9/29/2021,Oat,Under,145.3633661,0.289143323,0.248561974,0.195055328,0.161516492
303A_20210929,303A,20210929,9/29/2021,Soy,Post,136.5613059,0.042428046,-0.111443652,0.029214566,-0.02540881
303B_20210929,303B,20210929,9/29/2021,Soy,Fallow,128.8390928,0.031216444,-0.137354585,0.021603461,-0.048785938
303C_20210929,303C,20210929,9/29/2021,Soy,Under,137.6027425,0.242377242,0.191455324,0.163662671,0.151498598
304A_20210929,304A,20210929,9/29/2021,Oat,Post,142.25923,0.084491998,-0.065543145,0.058009945,-0.009794944
304B_20210929,304B,20210929,9/29/2021,Oat,Fallow,132.7326371,0.03004756,-0.14825577,0.02003503,-0.062281251
304C_20210929,304C,20210929,9/29/2021,Oat,Under,144.7147824,0.200665003,0.116460488,0.137395356,0.097857812
305A_20210929,305A,20210929,9/29/2021,Oat,Post,130.8871764,0.063931719,-0.100109615,0.043716392,-0.029802241
305B_20210929,305B,20210929,9/29/2021,Oat,Fallow,134.6046871,0.025280958,-0.153502224,0.016633308,-0.062585718
305C_20210929,305C,20210929,9/29/2021,Oat,Under,145.8261316,0.306001198,0.289218045,0.206446045,0.205503256
306A_20210929,306A,20210929,9/29/2021,Oat,Post,140.2569713,0.047213469,-0.115581958,0.031036551,-0.035556239
306B_20210929,306B,20210929,9/29/2021,Oat,Fallow,120.7019622,0.011941901,-0.184197961,0.006045314,-0.091329809
306C_20210929,306C,20210929,9/29/2021,Oat,Under,145.6655571,0.197905134,0.113472541,0.134219652,0.096158482
307A_20210929,307A,20210929,9/29/2021,Oat,Post,142.574108,0.055225267,-0.107822074,0.037793956,-0.033517152
307B_20210929,307B,20210929,9/29/2021,Oat,Fallow,136.4894987,0.009230866,-0.168692325,0.005216525,-0.068229211
307C_20210929,307C,20210929,9/29/2021,Oat,Under,148.3255939,0.334829232,0.334596926,0.224698214,0.227632006
308A_20210929,308A,20210929,9/29/2021,Oat,Post,138.3755516,0.081726896,-0.075369583,0.05620921,-0.021884986
308B_20210929,308B,20210929,9/29/2021,Oat,Fallow,125.8649816,0.026679152,-0.160202626,0.018012076,-0.072168191
308C_20210929,308C,20210929,9/29/2021,Oat,Under,142.3308623,0.24406145,0.187214065,0.165713716,0.142647078
309A_20210929,309A,20210929,9/29/2021,Oat,Post,135.6191318,0.103320773,-0.036397011,0.071278578,0.007698798
309B_20210929,309B,20210929,9/29/2021,Oat,Fallow,138.51907,0.017157698,-0.164130207,0.01082031,-0.068077529
309C_20210929,309C,20210929,9/29/2021,Oat,Under,150.2556132,0.245777495,0.189887906,0.16754373,0.146950089
310A_20210929,310A,20210929,9/29/2021,Oat,Post,135.3851058,0.065610711,-0.100502847,0.045416846,-0.036471859
310B_20210929,310B,20210929,9/29/2021,Oat,Fallow,137.1633642,0.013853504,-0.177023337,0.008612614,-0.081323407
310C_20210929,310C,20210929,9/29/2021,Oat,Under,150.1986348,0.149292397,0.039093365,0.101461283,0.05595436
401A_20210929,401A,20210929,9/29/2021,Oat,Under,149.2072999,0.338031464,0.32578668,0.226820692,0.204614526
401B_20210929,401B,20210929,9/29/2021,Oat,Fallow,132.8933442,0.04502873,-0.129052908,0.030271738,-0.051555483
401C_20210929,401C,20210929,9/29/2021,Oat,Post,125.1281918,0.047522403,-0.128022003,0.032572142,-0.051312889
402A_20210929,402A,20210929,9/29/2021,Oat,Under,140.2652935,0.290712729,0.26319671,0.196758007,0.187695799
402B_20210929,402B,20210929,9/29/2021,Oat,Fallow,129.0729609,0.022064269,-0.149646841,0.013197277,-0.054505943
402C_20210929,402C,20210929,9/29/2021,Oat,Post,127.3943472,0.054779096,-0.111865437,0.036820847,-0.035486021
403A_20210929,403A,20210929,9/29/2021,Oat,Under,144.2448962,0.261653803,0.219518463,0.176708703,0.16507846
403B_20210929,403B,20210929,9/29/2021,Oat,Fallow,124.6111352,0.019458256,-0.16161659,0.012174641,-0.065736542
403C_20210929,403C,20210929,9/29/2021,Oat,Post,133.3678702,0.064622368,-0.098672674,0.044033151,-0.030164402
404A_20210929,404A,20210929,9/29/2021,Soy,Under,140.2763089,0.293484289,0.254588078,0.196284002,0.159964709
404B_20210929,404B,20210929,9/29/2021,Soy,Fallow,124.4676577,0.057969276,-0.099858501,0.039082037,-0.027611541
404C_20210929,404C,20210929,9/29/2021,Soy,Post,128.0825127,0.062410885,-0.096926614,0.042508139,-0.026776902
405A_20210929,405A,20210929,9/29/2021,Oat,Under,135.2001454,0.216014662,0.12585244,0.145329544,0.088351797
405B_20210929,405B,20210929,9/29/2021,Oat,Fallow,124.0099358,0.046634173,-0.119316435,0.029415095,-0.030514358
405C_20210929,405C,20210929,9/29/2021,Oat,Post,128.7433645,0.029555951,-0.148784463,0.018223346,-0.059478263
406A_20210929,406A,20210929,9/29/2021,Oat,Under,130.6474962,0.371443343,0.346461804,0.243729731,0.170722185
406B_20210929,406B,20210929,9/29/2021,Oat,Fallow,120.1286029,0.02787702,-0.179628254,0.015285523,-0.08973834
406C_20210929,406C,20210929,9/29/2021,Oat,Post,116.3888009,0.181737775,0.068488969,0.121110439,0.06197522
407A_20210929,407A,20210929,9/29/2021,Oat,Under,123.2999492,0.296854762,0.229380531,0.194133976,0.111468844
407B_20210929,407B,20210929,9/29/2021,Oat,Fallow,119.1421911,0.043834804,-0.153837485,0.025639794,-0.073061908
407C_20210929,407C,20210929,9/29/2021,Oat,Post,131.3672909,0.083114606,-0.089156561,0.054736746,-0.038226695
408A_20210929,408A,20210929,9/29/2021,Oat,Under,129.3986795,0.318599668,0.27121786,0.209881671,0.143703612
408B_20210929,408B,20210929,9/29/2021,Oat,Fallow,120.5463042,0.010132246,-0.21219117,0.0019921,-0.110534114
408C_20210929,408C,20210929,9/29/2021,Oat,Post,119.6821749,0.099294282,-0.066394307,0.065454996,-0.024314654
409A_20210929,409A,20210929,9/29/2021,Oat,Under,128.4816757,0.356290015,0.342714205,0.234513045,0.192156637
409B_20210929,409B,20210929,9/29/2021,Oat,Fallow,121.6663426,0.059428842,-0.108210563,0.038154266,-0.039080169
409C_20210929,409C,20210929,9/29/2021,Oat,Post,126.9143992,0.10802892,-0.038224088,0.071805173,-0.000567483
410A_20210929,410A,20210929,9/29/2021,Oat,Under,145.099611,0.280544065,0.224866905,0.188244213,0.140252034
410B_20210929,410B,20210929,9/29/2021,Oat,Fallow,129.7806532,0.032916243,-0.154922662,0.0216411,-0.072029551
410C_20210929,410C,20210929,9/29/2021,Oat,Post,127.0270268,0.057086348,-0.114247607,0.036748379,-0.044223321
101A_20211005,101A,20211005,10/5/2021,Oat,Fallow,100.9223313,0.02935221,-0.211852772,0.009333187,-0.120044851
101B_20211005,101B,20211005,10/5/2021,Oat,Post,111.8742091,0.158187496,0.006475334,0.096514949,-0.002818619
101C_20211005,101C,20211005,10/5/2021,Oat,Under,119.6864077,0.358634038,0.335451053,0.227129973,0.166619683
102A_20211005,102A,20211005,10/5/2021,Oat,Fallow,102.9838759,0.001447753,-0.259448844,-0.011955455,-0.143990323
102B_20211005,102B,20211005,10/5/2021,Oat,Post,118.6329219,0.107051345,-0.081255454,0.062931902,-0.045903117
102C_20211005,102C,20211005,10/5/2021,Oat,Under,115.1418432,0.399932377,0.402317991,0.251211835,0.196523509
103A_20211005,103A,20211005,10/5/2021,Oat,Fallow,112.2326341,0.079168166,-0.118380749,0.044252323,-0.061827966
103B_20211005,103B,20211005,10/5/2021,Oat,Post,117.5635627,0.143572227,-0.015847763,0.088592451,-0.008508521
103C_20211005,103C,20211005,10/5/2021,Oat,Under,120.8740048,0.398233513,0.396972412,0.252793639,0.201130416
104A_20211005,104A,20211005,10/5/2021,Oat,Fallow,93.25090057,0.053822486,-0.170235444,0.023021587,-0.099267078
104B_20211005,104B,20211005,10/5/2021,Oat,Post,108.9533076,0.129967506,-0.037079011,0.078465663,-0.022778596
104C_20211005,104C,20211005,10/5/2021,Oat,Under,116.5272601,0.368173549,0.341352073,0.233430844,0.167950725
105A_20211005,105A,20211005,10/5/2021,Oat,Fallow,103.333054,0.052135585,-0.151611581,0.023251681,-0.081172415
105B_20211005,105B,20211005,10/5/2021,Oat,Post,112.3998297,0.060808105,-0.14765863,0.030380625,-0.080302561
105C_20211005,105C,20211005,10/5/2021,Oat,Under,119.5707589,0.474615449,0.535569737,0.299984299,0.282660519
106A_20211005,106A,20211005,10/5/2021,Soy,Fallow,101.9959758,-0.011118641,-0.232751314,-0.018002601,-0.10290645
106B_20211005,106B,20211005,10/5/2021,Soy,Post,108.9511285,0.095900736,-0.073444952,0.053780332,-0.018332279
106C_20211005,106C,20211005,10/5/2021,Soy,Under,123.0418103,0.392814567,0.40517208,0.248335391,0.219170699
107A_20211005,107A,20211005,10/5/2021,Oat,Fallow,106.1753827,-0.036044075,-0.311442609,-0.038136489,-0.166516647
107B_20211005,107B,20211005,10/5/2021,Oat,Post,114.4245671,0.089706246,-0.104026228,0.050968469,-0.052959571
107C_20211005,107C,20211005,10/5/2021,Oat,Under,117.7387844,0.263506071,0.172378682,0.167435126,0.086556095
108A_20211005,108A,20211005,10/5/2021,Oat,Fallow,104.4726242,-0.037520667,-0.317395547,-0.040240243,-0.17040344
108B_20211005,108B,20211005,10/5/2021,Oat,Post,109.825457,0.063370373,-0.156027786,0.03150601,-0.08474485
108C_20211005,108C,20211005,10/5/2021,Oat,Under,120.2601613,0.22036742,0.106697991,0.138818833,0.05465247
109A_20211005,109A,20211005,10/5/2021,Oat,Fallow,110.5245578,-0.005484892,-0.254972982,-0.015181737,-0.133786253
109B_20211005,109B,20211005,10/5/2021,Oat,Post,114.3849099,0.152514351,-0.00710853,0.093140964,-0.012156891
109C_20211005,109C,20211005,10/5/2021,Oat,Under,127.6901384,0.487618456,0.533211975,0.308506604,0.252623573
110A_20211005,110A,20211005,10/5/2021,Oat,Fallow,103.7389821,-0.010257333,-0.252882196,-0.019411407,-0.13696815
110B_20211005,110B,20211005,10/5/2021,Oat,Post,109.8620158,0.172200803,0.028743258,0.10597894,0.008876801
110C_20211005,110C,20211005,10/5/2021,Oat,Under,114.4300965,0.509900157,0.581895657,0.320413754,0.289475556
201A_20211005,201A,20211005,10/5/2021,Oat,Under,111.7322489,0.362207091,0.338414928,0.229111544,0.169243651
201B_20211005,201B,20211005,10/5/2021,Oat,Fallow,110.3223195,0.005053782,-0.219967267,-0.008307667,-0.114679359
201C_20211005,201C,20211005,10/5/2021,Oat,Post,115.7533642,0.117240614,-0.053605395,0.069995315,-0.027243068
202A_20211005,202A,20211005,10/5/2021,Oat,Under,127.3000915,0.487563871,0.540431065,0.306870585,0.258983919
202B_20211005,202B,20211005,10/5/2021,Oat,Fallow,108.0174786,0.019956842,-0.216617068,0.00084815,-0.118039246
202C_20211005,202C,20211005,10/5/2021,Oat,Post,113.296177,0.150348609,-0.003676629,0.0917402,-0.000939958
203A_20211005,203A,20211005,10/5/2021,Soy,Under,111.8493933,0.310366663,0.266605968,0.195215815,0.14119176
203B_20211005,203B,20211005,10/5/2021,Soy,Fallow,117.1734067,-0.015454816,-0.243946002,-0.021381202,-0.117861376
203C_20211005,203C,20211005,10/5/2021,Soy,Post,112.4742818,0.060383176,-0.125961665,0.032248173,-0.060011709
204A_20211005,204A,20211005,10/5/2021,Oat,Under,127.0101667,0.489644337,0.522991815,0.309124813,0.229364718
204B_20211005,204B,20211005,10/5/2021,Oat,Fallow,112.5168601,0.007005832,-0.247257753,-0.005217276,-0.128323428
204C_20211005,204C,20211005,10/5/2021,Oat,Post,112.4655805,0.132037083,-0.037318367,0.080251495,-0.026406541
205A_20211005,205A,20211005,10/5/2021,Oat,Under,119.8822209,0.248616793,0.144852109,0.158159778,0.065045765
205B_20211005,205B,20211005,10/5/2021,Oat,Fallow,109.8256349,0.012935376,-0.225390797,-0.002331638,-0.123793032
205C_20211005,205C,20211005,10/5/2021,Oat,Post,110.4714288,0.110324795,-0.055439326,0.064786954,-0.021678985
206A_20211005,206A,20211005,10/5/2021,Oat,Under,115.9357212,0.444943986,0.461739174,0.280406807,0.210908663
206B_20211005,206B,20211005,10/5/2021,Oat,Fallow,111.1819917,0.019676174,-0.208330553,0.001946971,-0.105068073
206C_20211005,206C,20211005,10/5/2021,Oat,Post,114.7739634,0.105441833,-0.072228655,0.061479129,-0.041065625
207A_20211005,207A,20211005,10/5/2021,Oat,Under,122.7761642,0.397938602,0.390336886,0.252299082,0.183804341
207B_20211005,207B,20211005,10/5/2021,Oat,Fallow,116.2603385,-0.016554409,-0.26537565,-0.022387561,-0.137265681
207C_20211005,207C,20211005,10/5/2021,Oat,Post,108.335285,0.073763604,-0.125325664,0.039357117,-0.063684051
208A_20211005,208A,20211005,10/5/2021,Oat,Under,120.5397542,0.482339695,0.537743181,0.303796321,0.267147623
208B_20211005,208B,20211005,10/5/2021,Oat,Fallow,110.3703507,0.0811536,-0.108648672,0.042192917,-0.051833116
208C_20211005,208C,20211005,10/5/2021,Oat,Post,112.8229126,0.136739375,-0.022700809,0.081505605,-0.014551788
209A_20211005,209A,20211005,10/5/2021,Oat,Under,121.9250475,0.472115474,0.52232478,0.297908601,0.262936492
209B_20211005,209B,20211005,10/5/2021,Oat,Fallow,101.8676773,0.041939877,-0.210588647,0.01922847,-0.120776658
209C_20211005,209C,20211005,10/5/2021,Oat,Post,102.8310317,0.103859041,-0.098653811,0.060734931,-0.063046285
210A_20211005,210A,20211005,10/5/2021,Oat,Under,122.8127285,0.465875412,0.516394296,0.293081055,0.263012995
210B_20211005,210B,20211005,10/5/2021,Oat,Fallow,109.8327382,-0.006089052,-0.262732788,-0.016435289,-0.140602249
210C_20211005,210C,20211005,10/5/2021,Oat,Post,106.7272777,0.106251669,-0.068235636,0.060323805,-0.028178583
301A_20211005,301A,20211005,10/5/2021,Oat,Post,111.5183195,0.154549671,-0.006754694,0.091786101,-0.007279081
301B_20211005,301B,20211005,10/5/2021,Oat,Fallow,109.5994964,-0.019234398,-0.290540755,-0.025384623,-0.154895151
301C_20211005,301C,20211005,10/5/2021,Oat,Under,126.9292785,0.393513387,0.384034496,0.24930483,0.183082484
302A_20211005,302A,20211005,10/5/2021,Oat,Post,113.8940694,0.099629306,-0.095794993,0.056153485,-0.054937997
302B_20211005,302B,20211005,10/5/2021,Oat,Fallow,109.7660277,0.023843011,-0.214632042,0.002991787,-0.112009896
302C_20211005,302C,20211005,10/5/2021,Oat,Under,113.7406639,0.498172637,0.557546402,0.313991314,0.272089625
303A_20211005,303A,20211005,10/5/2021,Soy,Post,105.9651742,0.124103923,-0.028582457,0.07362659,-0.011073729
303B_20211005,303B,20211005,10/5/2021,Soy,Fallow,102.3844265,0.045687568,-0.15379388,0.021035297,-0.069232349
303C_20211005,303C,20211005,10/5/2021,Soy,Under,119.7146233,0.501990623,0.577168337,0.314572851,0.293568493
304A_20211005,304A,20211005,10/5/2021,Oat,Post,109.8798031,0.13000219,-0.048455141,0.076561965,-0.029453012
304B_20211005,304B,20211005,10/5/2021,Oat,Fallow,106.8770585,0.017157404,-0.20871635,0.002230618,-0.11031383
304C_20211005,304C,20211005,10/5/2021,Oat,Under,119.4440319,0.455642889,0.482404493,0.287720187,0.228055553
305A_20211005,305A,20211005,10/5/2021,Oat,Post,107.3709462,0.138359608,-0.023593169,0.084254466,-0.016413496
305B_20211005,305B,20211005,10/5/2021,Oat,Fallow,107.1952441,-0.017593183,-0.262480245,-0.024714588,-0.133221233
305C_20211005,305C,20211005,10/5/2021,Oat,Under,119.8397258,0.50262508,0.577519219,0.318255471,0.302268362
306A_20211005,306A,20211005,10/5/2021,Oat,Post,112.9390269,0.162511494,0.017182053,0.100904255,0.010659061
306B_20211005,306B,20211005,10/5/2021,Oat,Fallow,103.233519,0.098203958,-0.083140092,0.056293631,-0.044155226
306C_20211005,306C,20211005,10/5/2021,Oat,Under,114.7701984,0.504209735,0.583528759,0.317730456,0.306748699
307A_20211005,307A,20211005,10/5/2021,Oat,Post,103.9981995,0.14709069,-0.020188774,0.088928212,-0.022514353
307B_20211005,307B,20211005,10/5/2021,Oat,Fallow,100.3594745,0.009552064,-0.232223548,-0.006489022,-0.124305415
307C_20211005,307C,20211005,10/5/2021,Oat,Under,118.2905445,0.283564642,0.209923783,0.1802148,0.103224504
308A_20211005,308A,20211005,10/5/2021,Oat,Post,108.7208718,0.112319519,-0.064659276,0.065941963,-0.035226323
308B_20211005,308B,20211005,10/5/2021,Oat,Fallow,103.5365317,-0.046693013,-0.335417724,-0.047415817,-0.186635732
308C_20211005,308C,20211005,10/5/2021,Oat,Under,115.617239,0.382651325,0.38273162,0.245100718,0.20640384
309A_20211005,309A,20211005,10/5/2021,Oat,Post,116.5623921,0.126902285,-0.045238157,0.077391607,-0.028051341
309B_20211005,309B,20211005,10/5/2021,Oat,Fallow,109.6239511,0.01037085,-0.243281169,-0.002563207,-0.137641638
309C_20211005,309C,20211005,10/5/2021,Oat,Under,123.7986243,0.443359134,0.45956992,0.281250654,0.217209084
310A_20211005,310A,20211005,10/5/2021,Oat,Post,113.6866657,0.063545041,-0.140812947,0.033298564,-0.070203955
310B_20211005,310B,20211005,10/5/2021,Oat,Fallow,107.585634,-0.008891888,-0.279815237,-0.017821659,-0.149026428
310C_20211005,310C,20211005,10/5/2021,Oat,Under,119.0134917,0.466924285,0.513776136,0.29519043,0.258065167
401A_20211005,401A,20211005,10/5/2021,Oat,Under,128.1396901,0.547750752,0.643345459,0.343209621,0.31342847
401B_20211005,401B,20211005,10/5/2021,Oat,Fallow,106.6785919,-0.01693383,-0.274823718,-0.024503736,-0.142963888
401C_20211005,401C,20211005,10/5/2021,Oat,Post,117.5347775,0.14455595,-0.008508487,0.088299139,-0.009580652
402A_20211005,402A,20211005,10/5/2021,Oat,Under,117.9958944,0.552933634,0.671627453,0.345794456,0.355522508
402B_20211005,402B,20211005,10/5/2021,Oat,Fallow,109.5580104,0.004708352,-0.228661623,-0.008269141,-0.108681432
402C_20211005,402C,20211005,10/5/2021,Oat,Post,118.5980714,0.127324317,-0.029948553,0.077013251,-0.011053988
403A_20211005,403A,20211005,10/5/2021,Oat,Under,126.5382551,0.454487419,0.480708818,0.287893539,0.228295201
403B_20211005,403B,20211005,10/5/2021,Oat,Fallow,110.6406563,-0.013594789,-0.248298768,-0.021744523,-0.123208267
403C_20211005,403C,20211005,10/5/2021,Oat,Post,119.0815055,0.111052476,-0.048948502,0.065865735,-0.021988435
404A_20211005,404A,20211005,10/5/2021,Soy,Under,114.0409453,0.33823306,0.320355698,0.213308464,0.177028409
404B_20211005,404B,20211005,10/5/2021,Soy,Fallow,110.2883877,-0.026917801,-0.264016969,-0.03065198,-0.138500479
404C_20211005,404C,20211005,10/5/2021,Soy,Post,109.6622864,0.094323017,-0.077549595,0.052058178,-0.038937572
405A_20211005,405A,20211005,10/5/2021,Oat,Under,128.0019965,0.443069766,0.460122163,0.280114721,0.211003964
405B_20211005,405B,20211005,10/5/2021,Oat,Fallow,111.5719476,0.067451462,-0.124870701,0.034373653,-0.066390171
405C_20211005,405C,20211005,10/5/2021,Oat,Post,113.5615331,0.180749678,0.052585849,0.110763947,0.03253099
406A_20211005,406A,20211005,10/5/2021,Oat,Under,124.6137627,0.573544242,0.661910636,0.357760137,0.289862303
406B_20211005,406B,20211005,10/5/2021,Oat,Fallow,114.6143975,-0.009155506,-0.246230464,-0.01832021,-0.120598824
406C_20211005,406C,20211005,10/5/2021,Oat,Post,117.4271193,0.132101848,-0.025845892,0.080324534,-0.013572995
407A_20211005,407A,20211005,10/5/2021,Oat,Under,128.7938074,0.310735253,0.243974346,0.198498572,0.112039572
407B_20211005,407B,20211005,10/5/2021,Oat,Fallow,112.0157588,0.021148212,-0.215334696,0.002222775,-0.10975892
407C_20211005,407C,20211005,10/5/2021,Oat,Post,110.8833396,0.13379227,-0.033481466,0.079039287,-0.023331338
408A_20211005,408A,20211005,10/5/2021,Oat,Under,128.7514925,0.513345426,0.59225239,0.321314873,0.292740676
408B_20211005,408B,20211005,10/5/2021,Oat,Fallow,114.3737124,0.054238929,-0.144484747,0.024573882,-0.067027193
408C_20211005,408C,20211005,10/5/2021,Oat,Post,114.4089849,0.220637077,0.106366933,0.138242032,0.051403253
409A_20211005,409A,20211005,10/5/2021,Oat,Under,120.9225748,0.485311805,0.536852868,0.305766268,0.262515456
409B_20211005,409B,20211005,10/5/2021,Oat,Fallow,109.403309,-0.003772306,-0.246323708,-0.012953759,-0.131129374
409C_20211005,409C,20211005,10/5/2021,Oat,Post,111.1108072,0.177266464,0.046040599,0.109404546,0.02129793
410A_20211005,410A,20211005,10/5/2021,Oat,Under,118.9201824,0.483305711,0.537609123,0.303158289,0.264379431
410B_20211005,410B,20211005,10/5/2021,Oat,Fallow,108.8783407,-0.029531915,-0.282419273,-0.033565263,-0.142168557
410C_20211005,410C,20211005,10/5/2021,Oat,Post,108.7795953,0.106857125,-0.061812682,0.061695315,-0.023432382
101A_20211015,101A,20211015,10/15/2021,Oat,Fallow,123.7081571,0.018523096,-0.133493474,0.009725058,-0.028783381
101B_20211015,101B,20211015,10/15/2021,Oat,Post,135.4070969,0.115245314,0.019311368,0.077116212,0.074436207
101C_20211015,101C,20211015,10/15/2021,Oat,Under,134.7306732,0.170044166,0.11279597,0.115536804,0.148276331
102A_20211015,102A,20211015,10/15/2021,Oat,Fallow,110.8960984,0.004296634,-0.226891081,-0.006264338,-0.119462646
102B_20211015,102B,20211015,10/15/2021,Oat,Post,115.5694809,0.160899249,0.018084332,0.10074847,0.006823448
102C_20211015,102C,20211015,10/15/2021,Oat,Under,119.6237944,0.405788397,0.410791786,0.259619001,0.205322541
103A_20211015,103A,20211015,10/15/2021,Oat,Fallow,117.392044,0.069439827,-0.130118862,0.04095192,-0.065360991
103B_20211015,103B,20211015,10/15/2021,Oat,Post,120.3840136,0.205708777,0.093570421,0.132566625,0.049770701
103C_20211015,103C,20211015,10/15/2021,Oat,Under,142.7442602,0.19352501,0.136991425,0.130041027,0.145581046
104A_20211015,104A,20211015,10/15/2021,Oat,Fallow,114.5247284,0.041561101,-0.185072765,0.020075475,-0.104611957
104B_20211015,104B,20211015,10/15/2021,Oat,Post,115.3280629,0.207950982,0.080202123,0.132944445,0.031302162
104C_20211015,104C,20211015,10/15/2021,Oat,Under,136.5562093,0.23476569,0.19248574,0.156975935,0.170867359
105A_20211015,105A,20211015,10/15/2021,Oat,Fallow,113.9034916,0.060044754,-0.136605752,0.034014784,-0.066327644
105B_20211015,105B,20211015,10/15/2021,Oat,Post,120.1862052,0.151765965,-0.001547372,0.096786103,-0.001065819
105C_20211015,105C,20211015,10/15/2021,Oat,Under,124.7073916,0.412871268,0.42692524,0.264945445,0.218427235
106A_20211015,106A,20211015,10/15/2021,Soy,Fallow,118.9116221,-0.000843702,-0.163421193,-0.005129325,-0.050776282
106B_20211015,106B,20211015,10/15/2021,Soy,Post,128.955195,0.068025394,-0.044813203,0.045074955,0.045807133
106C_20211015,106C,20211015,10/15/2021,Soy,Under,133.3579994,0.194626897,0.14800774,0.129954524,0.162879577
107A_20211015,107A,20211015,10/15/2021,Oat,Fallow,127.3411785,-0.025817779,-0.198285765,-0.023144478,-0.073884872
107B_20211015,107B,20211015,10/15/2021,Oat,Post,126.0089117,0.115407294,0.027244278,0.075769423,0.091624715
107C_20211015,107C,20211015,10/15/2021,Oat,Under,137.8553297,0.203092332,0.162347632,0.137405258,0.182356843
108A_20211015,108A,20211015,10/15/2021,Oat,Fallow,115.6181505,-0.01775632,-0.22459429,-0.018295599,-0.111110102
108B_20211015,108B,20211015,10/15/2021,Oat,Post,133.1611664,0.087664066,-0.058766312,0.05810309,0.00122959
108C_20211015,108C,20211015,10/15/2021,Oat,Under,143.6071332,0.20866586,0.146792728,0.141507313,0.143791126
109A_20211015,109A,20211015,10/15/2021,Oat,Fallow,103.2023824,0.02297474,-0.20944106,0.006172699,-0.115731423
109B_20211015,109B,20211015,10/15/2021,Oat,Post,127.3432009,0.114677481,-0.013148231,0.07492,0.024874639
109C_20211015,109C,20211015,10/15/2021,Oat,Under,144.2245079,0.279229469,0.26703127,0.189299974,0.222810085
110A_20211015,110A,20211015,10/15/2021,Oat,Fallow,106.582611,0.017549008,-0.211543209,0.003991738,-0.112126184
110B_20211015,110B,20211015,10/15/2021,Oat,Post,119.2235103,0.210023579,0.082509596,0.136974036,0.036710707
110C_20211015,110C,20211015,10/15/2021,Oat,Under,123.1392374,0.442695113,0.467728954,0.284865194,0.23302545
201A_20211015,201A,20211015,10/15/2021,Oat,Under,123.5108111,0.410101424,0.410268381,0.264644004,0.200478159
201B_20211015,201B,20211015,10/15/2021,Oat,Fallow,119.9401378,0.043818267,-0.142692713,0.023613246,-0.061154003
201C_20211015,201C,20211015,10/15/2021,Oat,Post,125.2448419,0.175001543,0.07328343,0.115150509,0.066291098
202A_20211015,202A,20211015,10/15/2021,Oat,Under,125.246297,0.519374074,0.576779214,0.332996039,0.268261598
202B_20211015,202B,20211015,10/15/2021,Oat,Fallow,121.5592256,0.030853248,-0.184378447,0.014979656,-0.089318326
202C_20211015,202C,20211015,10/15/2021,Oat,Post,119.7771414,0.189238329,0.055729697,0.123459882,0.022299326
203A_20211015,203A,20211015,10/15/2021,Soy,Under,139.0960213,0.208745675,0.145012328,0.140435955,0.134000414
203B_20211015,203B,20211015,10/15/2021,Soy,Fallow,117.7655864,-0.002778641,-0.203025821,-0.00527548,-0.099712776
203C_20211015,203C,20211015,10/15/2021,Soy,Post,135.097365,0.04390416,-0.116473735,0.027149604,-0.034315062
204A_20211015,204A,20211015,10/15/2021,Oat,Under,134.7823411,0.288168249,0.27658775,0.193349438,0.219466766
204B_20211015,204B,20211015,10/15/2021,Oat,Fallow,127.5960629,-0.004534203,-0.190615071,-0.008028376,-0.076383925
204C_20211015,204C,20211015,10/15/2021,Oat,Post,137.8298412,0.111434568,-0.002892255,0.074784656,0.04498415
205A_20211015,205A,20211015,10/15/2021,Oat,Under,134.2149373,0.131384372,0.024471612,0.08730531,0.061064757
205B_20211015,205B,20211015,10/15/2021,Oat,Fallow,117.0166413,-0.025507963,-0.276403982,-0.028116826,-0.146326446
205C_20211015,205C,20211015,10/15/2021,Oat,Post,124.4656854,0.111475868,-0.027306863,0.070191708,0.008161758
206A_20211015,206A,20211015,10/15/2021,Oat,Under,136.5963788,0.18215209,0.117916945,0.122709845,0.136864973
206B_20211015,206B,20211015,10/15/2021,Oat,Fallow,118.1837482,0.015705062,-0.164225388,0.003393902,-0.067433625
206C_20211015,206C,20211015,10/15/2021,Oat,Post,134.0899434,0.090928823,-0.0321765,0.058497694,0.02493983
207A_20211015,207A,20211015,10/15/2021,Oat,Under,130.5383352,0.19981028,0.142229016,0.132695687,0.139785615
207B_20211015,207B,20211015,10/15/2021,Oat,Fallow,110.7432505,-0.027407112,-0.280865889,-0.029838652,-0.147351562
207C_20211015,207C,20211015,10/15/2021,Oat,Post,107.8845012,0.127283524,-0.037164392,0.077740615,-0.018710107
208A_20211015,208A,20211015,10/15/2021,Oat,Under,126.4491574,0.415709259,0.410667865,0.269292581,0.193281196
208B_20211015,208B,20211015,10/15/2021,Oat,Fallow,114.903564,0.068501699,-0.121516531,0.03999653,-0.056073569
208C_20211015,208C,20211015,10/15/2021,Oat,Post,119.3284228,0.195511373,0.075000762,0.125024043,0.03794889
209A_20211015,209A,20211015,10/15/2021,Oat,Under,112.545573,0.364152912,0.335391331,0.233973897,0.165430368
209B_20211015,209B,20211015,10/15/2021,Oat,Fallow,108.0576059,0.030245511,-0.207987669,0.011705443,-0.114256382
209C_20211015,209C,20211015,10/15/2021,Oat,Post,115.8919204,0.219316845,0.096485211,0.141138731,0.041783117
210A_20211015,210A,20211015,10/15/2021,Oat,Under,109.0081672,0.503708111,0.569375045,0.317770315,0.280588195
210B_20211015,210B,20211015,10/15/2021,Oat,Fallow,103.5175479,0.000997344,-0.238455554,-0.011270834,-0.1226933
210C_20211015,210C,20211015,10/15/2021,Oat,Post,108.9705897,0.167826586,0.035551891,0.103887954,0.026777723
301A_20211015,301A,20211015,10/15/2021,Oat,Post,134.3181108,0.085655474,-0.022407369,0.055569546,0.050936676
301B_20211015,301B,20211015,10/15/2021,Oat,Fallow,124.4361654,0.001300025,-0.161302563,-0.00468448,-0.051834907
301C_20211015,301C,20211015,10/15/2021,Oat,Under,137.0382424,0.205492421,0.158526541,0.139561404,0.165395119
302A_20211015,302A,20211015,10/15/2021,Oat,Post,114.5145502,0.194405443,0.06274111,0.123127371,0.022571725
302B_20211015,302B,20211015,10/15/2021,Oat,Fallow,116.0045788,0.003680937,-0.23941515,-0.006993232,-0.126715957
302C_20211015,302C,20211015,10/15/2021,Oat,Under,124.4316867,0.31721234,0.254196187,0.206250483,0.118707807
303A_20211015,303A,20211015,10/15/2021,Soy,Post,131.0130945,0.114517318,0.015713702,0.075835618,0.067655314
303B_20211015,303B,20211015,10/15/2021,Soy,Fallow,128.3941845,0.015746736,-0.13892643,0.007402741,-0.032028513
303C_20211015,303C,20211015,10/15/2021,Soy,Under,129.6452792,0.426087076,0.439582448,0.27213119,0.212788854
304A_20211015,304A,20211015,10/15/2021,Oat,Post,129.2988262,0.147759095,0.031337202,0.097609613,0.044064366
304B_20211015,304B,20211015,10/15/2021,Oat,Fallow,130.7382588,0.0118329,-0.15013934,0.004328916,-0.047405404
304C_20211015,304C,20211015,10/15/2021,Oat,Under,136.3013821,0.256254168,0.232365736,0.170935646,0.198853618
305A_20211015,305A,20211015,10/15/2021,Oat,Post,130.5639184,0.215152738,0.113298953,0.142416743,0.066536105
305B_20211015,305B,20211015,10/15/2021,Oat,Fallow,102.2992271,0.031779232,-0.188679182,0.012295193,-0.094059174
305C_20211015,305C,20211015,10/15/2021,Oat,Under,134.2084905,0.477063518,0.523557944,0.306502913,0.25881663
306A_20211015,306A,20211015,10/15/2021,Oat,Post,128.7978003,0.156259863,0.028813481,0.102898404,0.031005996
306B_20211015,306B,20211015,10/15/2021,Oat,Fallow,110.976303,0.02199454,-0.20526681,0.006780498,-0.111308332
306C_20211015,306C,20211015,10/15/2021,Oat,Under,131.1580891,0.445048986,0.474350159,0.285859848,0.236139493
307A_20211015,307A,20211015,10/15/2021,Oat,Post,134.6661467,0.132003793,0.028375583,0.089084581,0.063372405
307B_20211015,307B,20211015,10/15/2021,Oat,Fallow,111.4638023,0.016630714,-0.215800112,0.003268678,-0.120087337
307C_20211015,307C,20211015,10/15/2021,Oat,Under,125.1973285,0.40381406,0.406039716,0.261680059,0.206310201
308A_20211015,308A,20211015,10/15/2021,Oat,Post,136.3857665,0.115339585,0.002268783,0.078092063,0.046873404
308B_20211015,308B,20211015,10/15/2021,Oat,Fallow,131.4388165,0.035621728,-0.123195608,0.023316846,-0.033177129
308C_20211015,308C,20211015,10/15/2021,Oat,Under,142.9341093,0.219102881,0.170327695,0.150218142,0.164496978
309A_20211015,309A,20211015,10/15/2021,Oat,Post,135.370608,0.075526562,-0.054380668,0.050525213,0.014340366
309B_20211015,309B,20211015,10/15/2021,Oat,Fallow,117.713493,0.010190175,-0.170837277,0.002381098,-0.062123373
309C_20211015,309C,20211015,10/15/2021,Oat,Under,144.7658589,0.22279905,0.182671036,0.151855874,0.179848274
310A_20211015,310A,20211015,10/15/2021,Oat,Post,134.8474469,0.059238203,-0.088706662,0.037486171,-0.005101754
310B_20211015,310B,20211015,10/15/2021,Oat,Fallow,129.3005683,0.054496521,-0.108536949,0.034919989,-0.028674239
310C_20211015,310C,20211015,10/15/2021,Oat,Under,139.1607233,0.244119385,0.200137547,0.164097769,0.16574487
401A_20211015,401A,20211015,10/15/2021,Oat,Under,142.7271523,0.35715277,0.386015943,0.236294751,0.275659679
401B_20211015,401B,20211015,10/15/2021,Oat,Fallow,125.6255817,0.026910295,-0.138057869,0.014852747,-0.040269407
401C_20211015,401C,20211015,10/15/2021,Oat,Post,134.7232016,0.148085252,0.047414004,0.099540011,0.067635019
402A_20211015,402A,20211015,10/15/2021,Oat,Under,131.5125797,0.507321324,0.580631014,0.32501179,0.296010819
402B_20211015,402B,20211015,10/15/2021,Oat,Fallow,116.1519412,0.086871274,-0.090333213,0.054971944,-0.029693196
402C_20211015,402C,20211015,10/15/2021,Oat,Post,122.8756221,0.176042747,0.051523963,0.115479706,0.043673732
403A_20211015,403A,20211015,10/15/2021,Oat,Under,145.443446,0.310317686,0.293675957,0.208534594,0.205339727
403B_20211015,403B,20211015,10/15/2021,Oat,Fallow,114.9451983,0.034509359,-0.179927251,0.017753763,-0.091146006
403C_20211015,403C,20211015,10/15/2021,Oat,Post,132.825577,0.101447113,-0.022327082,0.067228922,0.025803847
404A_20211015,404A,20211015,10/15/2021,Soy,Under,119.9956298,0.332877577,0.287913369,0.212928509,0.139589872
404B_20211015,404B,20211015,10/15/2021,Soy,Fallow,116.3167847,-0.017270104,-0.250750333,-0.020862621,-0.132963762
404C_20211015,404C,20211015,10/15/2021,Soy,Post,125.1871058,0.052854916,-0.095848971,0.030974754,-0.014772175
405A_20211015,405A,20211015,10/15/2021,Oat,Under,138.3224328,0.293837845,0.294278482,0.196751529,0.243516312
405B_20211015,405B,20211015,10/15/2021,Oat,Fallow,125.3421641,0.027449655,-0.126616704,0.015137826,-0.025865292
405C_20211015,405C,20211015,10/15/2021,Oat,Post,135.5836828,0.10972157,-0.00014849,0.073108936,0.05430757
406A_20211015,406A,20211015,10/15/2021,Oat,Under,126.2333099,0.432935358,0.434506672,0.277639382,0.195006516
406B_20211015,406B,20211015,10/15/2021,Oat,Fallow,115.7812024,0.019856793,-0.189919419,0.005879524,-0.091949511
406C_20211015,406C,20211015,10/15/2021,Oat,Post,124.6150744,0.136794226,-0.018180894,0.087914309,-0.004840019
407A_20211015,407A,20211015,10/15/2021,Oat,Under,119.933577,0.45649006,0.482842659,0.292567893,0.233989873
407B_20211015,407B,20211015,10/15/2021,Oat,Fallow,106.4706856,-0.015605518,-0.281381475,-0.022982601,-0.154434023
407C_20211015,407C,20211015,10/15/2021,Oat,Post,119.491415,0.152357659,0.002733775,0.096036662,0.002913023
408A_20211015,408A,20211015,10/15/2021,Oat,Under,125.3893742,0.477116108,0.536305897,0.304514396,0.27746065
408B_20211015,408B,20211015,10/15/2021,Oat,Fallow,105.4907333,0.10033935,-0.061136951,0.058536296,-0.021068848
408C_20211015,408C,20211015,10/15/2021,Oat,Post,120.8266096,0.198989699,0.082406529,0.127145184,0.048850813
409A_20211015,409A,20211015,10/15/2021,Oat,Under,122.1957191,0.450823774,0.47385033,0.289125864,0.228351073
409B_20211015,409B,20211015,10/15/2021,Oat,Fallow,114.1708551,0.021586142,-0.184274634,0.006469728,-0.083175673
409C_20211015,409C,20211015,10/15/2021,Oat,Post,110.1344048,0.212479049,0.10237181,0.135420761,0.052580133
410A_20211015,410A,20211015,10/15/2021,Oat,Under,113.6874439,0.468999693,0.510587675,0.29679833,0.249809257
410B_20211015,410B,20211015,10/15/2021,Oat,Fallow,116.0764233,0.024109635,-0.18716913,0.006096816,-0.095996486
410C_20211015,410C,20211015,10/15/2021,Oat,Post,122.1096035,0.104556202,-0.038209986,0.064463848,-0.000204938
101A_20211025,101A,20211025,10/25/2021,Oat,Fallow,103.3464807,0.02248448,-0.188344585,0.004368145,-0.093984165
101B_20211025,101B,20211025,10/25/2021,Oat,Post,112.9273447,0.196890394,0.083133425,0.123417685,0.047477086
101C_20211025,101C,20211025,10/25/2021,Oat,Under,122.5714973,0.40719719,0.413225058,0.261080236,0.20790083
102A_20211025,102A,20211025,10/25/2021,Oat,Fallow,102.3887467,-0.034137595,-0.29179075,-0.038801086,-0.150335464
102B_20211025,102B,20211025,10/25/2021,Oat,Post,113.1979573,0.100571049,-0.089722523,0.057934342,-0.044436619
102C_20211025,102C,20211025,10/25/2021,Oat,Under,121.317599,0.379984949,0.369545795,0.24170992,0.181357732
103A_20211025,103A,20211025,10/25/2021,Oat,Fallow,107.5360844,0.0501016,-0.163865513,0.023351821,-0.082637549
103B_20211025,103B,20211025,10/25/2021,Oat,Post,108.169107,0.203831893,0.084801602,0.127278455,0.045227236
103C_20211025,103C,20211025,10/25/2021,Oat,Under,118.8085812,0.359196217,0.340016593,0.228362975,0.173008028
104A_20211025,104A,20211025,10/25/2021,Oat,Fallow,100.7628974,-0.005358412,-0.250729527,-0.017760261,-0.13223166
104B_20211025,104B,20211025,10/25/2021,Oat,Post,104.2993145,0.252742202,0.160030741,0.157550736,0.080426027
104C_20211025,104C,20211025,10/25/2021,Oat,Under,108.2311953,0.360590309,0.331477714,0.226668514,0.16037005
105A_20211025,105A,20211025,10/25/2021,Oat,Fallow,103.60554,0.008223147,-0.217986668,-0.006920871,-0.11201113
105B_20211025,105B,20211025,10/25/2021,Oat,Post,113.2533708,0.159650455,0.017603501,0.096855136,0.014813772
105C_20211025,105C,20211025,10/25/2021,Oat,Under,110.3890975,0.467953192,0.516107873,0.294558786,0.257158059
106A_20211025,106A,20211025,10/25/2021,Soy,Fallow,97.17598123,-0.030037168,-0.264664105,-0.034805448,-0.131905605
106B_20211025,106B,20211025,10/25/2021,Soy,Post,104.0562189,0.148081165,0.013381074,0.087476411,0.022509328
106C_20211025,106C,20211025,10/25/2021,Soy,Under,103.8779452,0.352075197,0.338410306,0.219183464,0.181646044
107A_20211025,107A,20211025,10/25/2021,Oat,Fallow,106.8985553,-0.037690101,-0.313133834,-0.042557745,-0.169552129
107B_20211025,107B,20211025,10/25/2021,Oat,Post,101.5187125,0.332241362,0.283623899,0.20633702,0.131509307
107C_20211025,107C,20211025,10/25/2021,Oat,Under,111.8894881,0.446137037,0.465100618,0.281882035,0.222632913
108A_20211025,108A,20211025,10/25/2021,Oat,Fallow,110.6078656,-0.026648184,-0.28828871,-0.031876364,-0.154419548
108B_20211025,108B,20211025,10/25/2021,Oat,Post,106.9272097,0.139496773,-0.032447886,0.081016979,-0.027086489
108C_20211025,108C,20211025,10/25/2021,Oat,Under,111.9882757,0.295612855,0.21992981,0.18597795,0.104148247
109A_20211025,109A,20211025,10/25/2021,Oat,Fallow,105.2360164,0.01727263,-0.216470913,-0.001488521,-0.104105173
109B_20211025,109B,20211025,10/25/2021,Oat,Post,107.8019373,0.140080945,-0.030666789,0.083597918,-0.016491363
109C_20211025,109C,20211025,10/25/2021,Oat,Under,109.6288699,0.504098292,0.552270475,0.317495601,0.25262551
110A_20211025,110A,20211025,10/25/2021,Oat,Fallow,100.9573162,0.012430375,-0.22806727,-0.008328185,-0.114475311
110B_20211025,110B,20211025,10/25/2021,Oat,Post,105.4436455,0.205568872,0.062000955,0.126397218,0.019490563
110C_20211025,110C,20211025,10/25/2021,Oat,Under,110.4097727,0.330953737,0.287681149,0.20932965,0.143945023
201A_20211025,201A,20211025,10/25/2021,Oat,Under,111.6670291,0.372237562,0.350252852,0.235987294,0.169170347
201B_20211025,201B,20211025,10/25/2021,Oat,Fallow,110.5665881,0.000821248,-0.237156885,-0.0147274,-0.11638897
201C_20211025,201C,20211025,10/25/2021,Oat,Post,103.1721107,0.203431305,0.076688528,0.124119732,0.036364504
202A_20211025,202A,20211025,10/25/2021,Oat,Under,113.9777021,0.509229321,0.579927942,0.320021936,0.283667141
202B_20211025,202B,20211025,10/25/2021,Oat,Fallow,102.9133533,0.070353697,-0.122211647,0.03421198,-0.053709142
202C_20211025,202C,20211025,10/25/2021,Oat,Post,106.4051017,0.165237295,0.028199709,0.100623019,0.016976107
203A_20211025,203A,20211025,10/25/2021,Soy,Under,117.6370227,0.438590706,0.465843374,0.275678196,0.231074676
203B_20211025,203B,20211025,10/25/2021,Soy,Fallow,97.68315386,-0.0547773,-0.301906559,-0.053342124,-0.147014111
203C_20211025,203C,20211025,10/25/2021,Soy,Post,106.1166405,0.074400866,-0.109114066,0.037277093,-0.04781853
204A_20211025,204A,20211025,10/25/2021,Oat,Under,111.4464955,0.352306038,0.30358606,0.224510323,0.136301306
204B_20211025,204B,20211025,10/25/2021,Oat,Fallow,105.2414777,-0.022503262,-0.278843638,-0.029903281,-0.149014942
204C_20211025,204C,20211025,10/25/2021,Oat,Post,103.8687894,0.219770538,0.104092538,0.135727147,0.052034401
205A_20211025,205A,20211025,10/25/2021,Oat,Under,107.4705855,0.266211708,0.173498456,0.167741955,0.080174485
205B_20211025,205B,20211025,10/25/2021,Oat,Fallow,107.7862013,0.015159584,-0.215146845,-0.002379601,-0.114824922
205C_20211025,205C,20211025,10/25/2021,Oat,Post,108.4890153,0.217389086,0.108753238,0.135540372,0.053679635
206A_20211025,206A,20211025,10/25/2021,Oat,Under,111.8719836,0.462431207,0.491521833,0.292863776,0.230114873
206B_20211025,206B,20211025,10/25/2021,Oat,Fallow,105.8579615,0.035602997,-0.188524747,0.012181441,-0.099068722
206C_20211025,206C,20211025,10/25/2021,Oat,Post,112.7833031,0.236873419,0.130193762,0.148878422,0.057610925
207A_20211025,207A,20211025,10/25/2021,Oat,Under,116.6427486,0.392807927,0.367130426,0.252143591,0.165787316
207B_20211025,207B,20211025,10/25/2021,Oat,Fallow,99.89935525,-0.035995637,-0.296182994,-0.039202055,-0.165319699
207C_20211025,207C,20211025,10/25/2021,Oat,Post,108.2888693,0.128770928,-0.040845757,0.076400568,-0.022966415
208A_20211025,208A,20211025,10/25/2021,Oat,Under,114.8980315,0.466287874,0.500177776,0.296434909,0.239407365
208B_20211025,208B,20211025,10/25/2021,Oat,Fallow,109.8719921,0.074241849,-0.124037191,0.038991416,-0.060970433
208C_20211025,208C,20211025,10/25/2021,Oat,Post,114.9266793,0.207397118,0.092842367,0.130678974,0.047171568
209A_20211025,209A,20211025,10/25/2021,Oat,Under,107.2670343,0.326893546,0.287530173,0.207813694,0.15367972
209B_20211025,209B,20211025,10/25/2021,Oat,Fallow,94.08395341,0.040066512,-0.177093536,0.014948801,-0.094566323
209C_20211025,209C,20211025,10/25/2021,Oat,Post,109.3804939,0.226308124,0.115648881,0.143128301,0.054795714
210A_20211025,210A,20211025,10/25/2021,Oat,Under,118.8134542,0.391219842,0.401399081,0.248710786,0.215175808
210B_20211025,210B,20211025,10/25/2021,Oat,Fallow,97.65045957,0.00697346,-0.222150951,-0.010009694,-0.10265348
210C_20211025,210C,20211025,10/25/2021,Oat,Post,106.0918844,0.193197069,0.080798471,0.119820406,0.050214709
301A_20211025,301A,20211025,10/25/2021,Oat,Post,117.3903652,0.093562436,-0.093387894,0.054532482,-0.049370666
301B_20211025,301B,20211025,10/25/2021,Oat,Fallow,105.3283589,0.007476558,-0.235687027,-0.007428285,-0.130580347
301C_20211025,301C,20211025,10/25/2021,Oat,Under,114.3030892,0.321734204,0.272444255,0.206831647,0.144800083
302A_20211025,302A,20211025,10/25/2021,Oat,Post,115.2651078,0.172075638,0.024968506,0.10668085,0.008075938
302B_20211025,302B,20211025,10/25/2021,Oat,Fallow,110.0885473,0.01404214,-0.2212086,-0.00243854,-0.116030322
302C_20211025,302C,20211025,10/25/2021,Oat,Under,115.3713941,0.293573522,0.227734363,0.185719199,0.110588303
303A_20211025,303A,20211025,10/25/2021,Soy,Post,99.70685207,0.072805412,-0.110138515,0.037624742,-0.049926982
303B_20211025,303B,20211025,10/25/2021,Soy,Fallow,107.689189,-0.007332159,-0.243633087,-0.01727538,-0.125485964
303C_20211025,303C,20211025,10/25/2021,Soy,Under,117.6611658,0.437978757,0.465597301,0.277409644,0.233368671
304A_20211025,304A,20211025,10/25/2021,Oat,Post,112.4220221,0.143328569,-0.017994152,0.0862697,-0.007154116
304B_20211025,304B,20211025,10/25/2021,Oat,Fallow,100.8859208,-0.011109206,-0.27318824,-0.023140647,-0.144314901
304C_20211025,304C,20211025,10/25/2021,Oat,Under,109.4841966,0.255110087,0.155182355,0.162900659,0.079078958
305A_20211025,305A,20211025,10/25/2021,Oat,Post,110.4899514,0.206771395,0.085851286,0.128513045,0.042600469
305B_20211025,305B,20211025,10/25/2021,Oat,Fallow,99.95904202,-0.010023176,-0.248867099,-0.022543689,-0.119582843
305C_20211025,305C,20211025,10/25/2021,Oat,Under,104.9237226,0.474472958,0.53887625,0.299383358,0.291629908
306A_20211025,306A,20211025,10/25/2021,Oat,Post,104.5448044,0.228411442,0.129987493,0.141847619,0.068611758
306B_20211025,306B,20211025,10/25/2021,Oat,Fallow,104.4698007,0.030598071,-0.188807575,0.007257124,-0.088253048
306C_20211025,306C,20211025,10/25/2021,Oat,Under,107.6832437,0.474643169,0.523579035,0.298968922,0.264214053
307A_20211025,307A,20211025,10/25/2021,Oat,Post,112.9756146,0.264421314,0.171120296,0.166657531,0.076621257
307B_20211025,307B,20211025,10/25/2021,Oat,Fallow,98.20600394,-0.049597894,-0.320186547,-0.051465154,-0.166870139
307C_20211025,307C,20211025,10/25/2021,Oat,Under,111.3231278,0.463582537,0.49747329,0.292658888,0.236505601
308A_20211025,308A,20211025,10/25/2021,Oat,Post,109.3771164,0.135837597,-0.031928148,0.081432871,-0.017587333
308B_20211025,308B,20211025,10/25/2021,Oat,Fallow,105.3203749,0.040467535,-0.172007988,0.014471663,-0.079186967
308C_20211025,308C,20211025,10/25/2021,Oat,Under,111.397539,0.269459793,0.188102419,0.170483031,0.099392279
309A_20211025,309A,20211025,10/25/2021,Oat,Post,110.1062977,0.15873439,0.002894248,0.096542105,-0.005446421
309B_20211025,309B,20211025,10/25/2021,Oat,Fallow,105.1054665,0.037011796,-0.195022465,0.013077217,-0.098295726
309C_20211025,309C,20211025,10/25/2021,Oat,Under,112.0399748,0.431475626,0.432641899,0.274379382,0.19814859
310A_20211025,310A,20211025,10/25/2021,Oat,Post,99.20924817,0.070101538,-0.141145045,0.035325484,-0.077481329
310B_20211025,310B,20211025,10/25/2021,Oat,Fallow,105.9189707,0.06107106,-0.152476819,0.02969395,-0.070069458
310C_20211025,310C,20211025,10/25/2021,Oat,Under,104.6614141,0.327444401,0.28836896,0.207362123,0.156509025
401A_20211025,401A,20211025,10/25/2021,Oat,Under,111.79769,0.451974643,0.462344061,0.286831105,0.209061232
401B_20211025,401B,20211025,10/25/2021,Oat,Fallow,97.77994073,0.046112958,-0.156943616,0.017406857,-0.074199374
401C_20211025,401C,20211025,10/25/2021,Oat,Post,103.5759182,0.284923773,0.213847442,0.177972231,0.103999504
402A_20211025,402A,20211025,10/25/2021,Oat,Under,110.6567708,0.512682454,0.597889796,0.321531221,0.310065838
402B_20211025,402B,20211025,10/25/2021,Oat,Fallow,102.8109333,0.124898905,-0.034797468,0.074270817,-0.003688217
402C_20211025,402C,20211025,10/25/2021,Oat,Post,113.0817568,0.19497701,0.071070223,0.121522101,0.041411752
403A_20211025,403A,20211025,10/25/2021,Oat,Under,113.1681021,0.529569933,0.616991021,0.332075909,0.308839042
403B_20211025,403B,20211025,10/25/2021,Oat,Fallow,101.8076113,0.064973766,-0.108310146,0.031049698,-0.039675987
403C_20211025,403C,20211025,10/25/2021,Oat,Post,107.5757235,0.14827423,-0.00470751,0.085879045,-0.002291904
404A_20211025,404A,20211025,10/25/2021,Soy,Under,106.7456713,0.299434797,0.262103636,0.187545387,0.151686987
404B_20211025,404B,20211025,10/25/2021,Soy,Fallow,104.1361836,-0.037361322,-0.282715403,-0.041023887,-0.149435511
404C_20211025,404C,20211025,10/25/2021,Soy,Post,104.4079879,0.128109799,-0.025555014,0.074067796,-0.003053705
405A_20211025,405A,20211025,10/25/2021,Oat,Under,114.0156793,0.38348049,0.352897416,0.244939849,0.158408446
405B_20211025,405B,20211025,10/25/2021,Oat,Fallow,104.9863021,0.064543463,-0.125436555,0.032201525,-0.059745361
405C_20211025,405C,20211025,10/25/2021,Oat,Post,110.5998063,0.189496831,0.076039871,0.118228308,0.04821643
406A_20211025,406A,20211025,10/25/2021,Oat,Under,113.84431,0.394395894,0.369729635,0.251967281,0.165929681
406B_20211025,406B,20211025,10/25/2021,Oat,Fallow,110.9241029,-0.001979393,-0.247164847,-0.01319907,-0.136538763
406C_20211025,406C,20211025,10/25/2021,Oat,Post,105.4730087,0.183966571,0.056715579,0.114343157,0.036669926
407A_20211025,407A,20211025,10/25/2021,Oat,Under,113.7252391,0.426454302,0.439410983,0.272295106,0.219003548
407B_20211025,407B,20211025,10/25/2021,Oat,Fallow,98.30649558,-0.014555914,-0.265482739,-0.023534497,-0.135435748
407C_20211025,407C,20211025,10/25/2021,Oat,Post,115.6713662,0.171718309,0.028447867,0.108151835,0.009719063
408A_20211025,408A,20211025,10/25/2021,Oat,Under,122.7323165,0.379729892,0.367828476,0.242818247,0.183424436
408B_20211025,408B,20211025,10/25/2021,Oat,Fallow,113.1198335,0.016007277,-0.198849941,0.001333199,-0.098844358
408C_20211025,408C,20211025,10/25/2021,Oat,Post,116.9879514,0.250843701,0.15808553,0.161388297,0.080203824
409A_20211025,409A,20211025,10/25/2021,Oat,Under,110.2945374,0.424017158,0.460980809,0.270284879,0.262709807
409B_20211025,409B,20211025,10/25/2021,Oat,Fallow,106.9001865,-0.025017352,-0.260595987,-0.02994414,-0.127047876
409C_20211025,409C,20211025,10/25/2021,Oat,Post,105.7464905,0.210125526,0.108752259,0.131283943,0.070314546
410A_20211025,410A,20211025,10/25/2021,Oat,Under,112.4957497,0.460969405,0.50254213,0.290154792,0.250182029
410B_20211025,410B,20211025,10/25/2021,Oat,Fallow,110.224567,0.008784566,-0.20425253,-0.00707511,-0.0927355
410C_20211025,410C,20211025,10/25/2021,Oat,Post,107.6875072,0.167891268,0.038922445,0.101465641,0.030333703
